-- phpMyAdmin SQL Dump
-- version 5.2.0
-- https://www.phpmyadmin.net/
--
-- Servidor: localhost
-- Tiempo de generación: 13-04-2026 a las 13:00:23
-- Versión del servidor: 5.7.37
-- Versión de PHP: 8.1.7

SET SQL_MODE = "NO_AUTO_VALUE_ON_ZERO";
START TRANSACTION;
SET time_zone = "+00:00";


/*!40101 SET @OLD_CHARACTER_SET_CLIENT=@@CHARACTER_SET_CLIENT */;
/*!40101 SET @OLD_CHARACTER_SET_RESULTS=@@CHARACTER_SET_RESULTS */;
/*!40101 SET @OLD_COLLATION_CONNECTION=@@COLLATION_CONNECTION */;
/*!40101 SET NAMES utf8mb4 */;

--
-- Base de datos: `colegio`
--

-- --------------------------------------------------------

--
-- Estructura de tabla para la tabla `administradores`
--

CREATE TABLE `administradores` (
  `id_admin` int(11) NOT NULL,
  `id_usuario` int(11) NOT NULL
) ENGINE=InnoDB DEFAULT CHARSET=utf8mb4 COLLATE=utf8mb4_unicode_ci;

--
-- Volcado de datos para la tabla `administradores`
--

INSERT INTO `administradores` (`id_admin`, `id_usuario`) VALUES
(1, 1);

-- --------------------------------------------------------

--
-- Estructura de tabla para la tabla `alumnos`
--

CREATE TABLE `alumnos` (
  `id_alumno` int(11) NOT NULL,
  `id_usuario` int(11) NOT NULL,
  `dni` int(8) DEFAULT NULL,
  `id_curso` int(11) DEFAULT NULL,
  `ubicacion` int(11) DEFAULT NULL,
  `libro` int(11) DEFAULT NULL,
  `folio` int(11) DEFAULT NULL
) ENGINE=InnoDB DEFAULT CHARSET=utf8mb4 COLLATE=utf8mb4_unicode_ci;

--
-- Volcado de datos para la tabla `alumnos`
--

INSERT INTO `alumnos` (`id_alumno`, `id_usuario`, `dni`, `id_curso`, `ubicacion`, `libro`, `folio`) VALUES
(1, 216, 53593857, 1, NULL, NULL, NULL),
(2, 217, 53955948, 1, NULL, NULL, NULL),
(3, 218, 53740705, 1, NULL, NULL, NULL),
(4, 219, 54051327, 1, NULL, NULL, NULL),
(5, 220, 53593853, 1, NULL, NULL, NULL),
(6, 221, 54053379, 1, NULL, NULL, NULL),
(7, 222, 53854305, 1, NULL, NULL, NULL),
(8, 223, 53304252, 1, NULL, NULL, NULL),
(9, 224, 53874248, 1, NULL, NULL, NULL),
(10, 225, 53305030, 1, NULL, NULL, NULL),
(11, 226, 54051492, 1, NULL, NULL, NULL),
(12, 227, 53725815, 1, NULL, NULL, NULL),
(13, 228, 53740762, 1, NULL, NULL, NULL),
(14, 229, 53740716, 1, NULL, NULL, NULL),
(15, 230, 53833030, 1, NULL, NULL, NULL),
(16, 231, 53740771, 1, NULL, NULL, NULL),
(17, 232, 53467532, 1, NULL, NULL, NULL),
(18, 233, 53414468, 1, NULL, NULL, NULL),
(19, 234, 53444196, 1, NULL, NULL, NULL),
(20, 235, 54130518, 1, NULL, NULL, NULL),
(21, 236, 53682321, 1, NULL, NULL, NULL),
(22, 237, 53879033, 1, NULL, NULL, NULL),
(23, 238, 53678435, 1, NULL, NULL, NULL),
(24, 239, 53879035, 1, NULL, NULL, NULL),
(25, 240, 53444182, 1, NULL, NULL, NULL),
(26, 241, 53597242, 1, NULL, NULL, NULL),
(27, 242, 53208128, 1, NULL, NULL, NULL),
(28, 243, 53980336, 1, NULL, NULL, NULL),
(29, 244, 53740788, 1, NULL, NULL, NULL),
(30, 245, 53605622, 1, NULL, NULL, NULL),
(31, 246, 53376807, 1, NULL, NULL, NULL),
(32, 247, 53377319, 1, NULL, NULL, NULL),
(33, 248, 53813193, 1, NULL, NULL, NULL),
(34, 249, 53740749, 1, NULL, NULL, NULL),
(35, 250, 53593838, 1, NULL, NULL, NULL),
(36, 251, 53444153, 1, NULL, NULL, NULL),
(37, 252, 53851986, 7, NULL, NULL, NULL),
(38, 253, 53851987, 7, NULL, NULL, NULL),
(39, 254, 53850752, 7, NULL, NULL, NULL),
(40, 255, 53593815, 7, NULL, NULL, NULL),
(41, 256, 53879099, 7, NULL, NULL, NULL),
(42, 257, 53992650, 7, NULL, NULL, NULL),
(43, 258, 53413132, 7, NULL, NULL, NULL),
(44, 259, 53302763, 7, NULL, NULL, NULL),
(45, 260, 53465114, 7, NULL, NULL, NULL),
(46, 261, 53693189, 7, NULL, NULL, NULL),
(47, 262, 53879055, 7, NULL, NULL, NULL),
(48, 263, 53532700, 7, NULL, NULL, NULL),
(49, 264, 53444170, 7, NULL, NULL, NULL),
(50, 265, 53879080, 7, NULL, NULL, NULL),
(51, 266, 53984254, 7, NULL, NULL, NULL),
(52, 267, 53888349, 7, NULL, NULL, NULL),
(53, 268, 53678426, 7, NULL, NULL, NULL),
(54, 269, 53305025, 7, NULL, NULL, NULL),
(55, 270, 53879084, 7, NULL, NULL, NULL),
(56, 271, 53442785, 7, NULL, NULL, NULL),
(57, 272, 53532515, 7, NULL, NULL, NULL),
(58, 273, 53879089, 7, NULL, NULL, NULL),
(59, 274, 53208182, 7, NULL, NULL, NULL),
(60, 275, 53381252, 7, NULL, NULL, NULL),
(61, 276, 53443476, 7, NULL, NULL, NULL),
(62, 277, 53836317, 7, NULL, NULL, NULL),
(63, 278, 53822100, 7, NULL, NULL, NULL),
(64, 279, 53687044, 7, NULL, NULL, NULL),
(65, 280, 53886213, 7, NULL, NULL, NULL),
(66, 281, 53305070, 7, NULL, NULL, NULL),
(67, 282, 53411523, 7, NULL, NULL, NULL),
(68, 283, 53444179, 7, NULL, NULL, NULL),
(69, 284, 54059756, 7, NULL, NULL, NULL),
(70, 285, 53281955, 2, NULL, 7, 137),
(71, 286, 52776967, 2, NULL, 7, 138),
(72, 287, 52394753, 2, NULL, 7, 139),
(73, 288, 53175622, 2, NULL, 7, 140),
(74, 289, 52761249, 2, NULL, 7, 141),
(75, 290, 52785101, 2, NULL, 7, 142),
(76, 291, 52916922, 2, NULL, 7, 144),
(77, 292, 52672013, 2, NULL, 7, 145),
(78, 293, 52672002, 2, NULL, 7, 147),
(79, 294, 53050341, 2, NULL, 7, 148),
(80, 295, 53199669, 2, NULL, NULL, NULL),
(81, 296, 52770067, 2, NULL, 7, 149),
(82, 297, 53050447, 2, NULL, 7, 150),
(83, 298, 52136774, 2, NULL, 7, 151),
(84, 299, 52770071, 2, NULL, 7, 152),
(85, 300, 52910752, 2, NULL, 7, 154),
(86, 301, 53066005, 2, NULL, 7, 155),
(87, 302, 52394783, 2, NULL, 7, 156),
(88, 303, 52990922, 2, NULL, 7, 183),
(89, 304, 52778844, 2, NULL, NULL, NULL),
(90, 305, 52429521, 2, NULL, NULL, NULL),
(91, 306, 53138170, 2, NULL, 7, 158),
(92, 307, 52956990, 2, NULL, 7, 159),
(93, 308, 52720433, 2, NULL, 7, 160),
(94, 309, 52916979, 2, NULL, 7, 162),
(95, 310, 52587950, 2, NULL, 7, 163),
(96, 311, 52667264, 2, NULL, NULL, NULL),
(97, 312, 52916949, 2, NULL, 7, 164),
(98, 313, 53151089, 2, NULL, 7, 165),
(99, 314, 52654515, 8, NULL, 7, 167),
(100, 315, 52912474, 8, NULL, 7, 169),
(101, 316, 52648174, 8, NULL, NULL, NULL),
(102, 317, 53080761, 8, NULL, 7, 143),
(103, 318, 52618091, 8, NULL, NULL, NULL),
(104, 319, 52916981, 8, NULL, 7, 170),
(105, 320, 52985619, 8, NULL, 7, 171),
(106, 321, 52770050, 8, NULL, NULL, NULL),
(107, 322, 52832807, 8, NULL, 7, 172),
(108, 323, 52770048, 8, NULL, 7, 174),
(109, 324, 52833159, 8, NULL, 7, 175),
(110, 325, 52846169, 8, NULL, 7, 176),
(111, 326, 52990931, 8, NULL, 7, 177),
(112, 327, 52990921, 8, NULL, 7, 178),
(113, 328, 53411421, 8, NULL, 7, 179),
(114, 329, 52916940, 8, NULL, 7, 180),
(115, 330, 53151011, 8, NULL, 7, 181),
(116, 331, 52916353, 8, NULL, 7, 182),
(117, 332, 52990989, 8, NULL, 7, 185),
(118, 333, 52434689, 8, NULL, NULL, NULL),
(119, 334, 53130764, 8, NULL, 7, 186),
(120, 335, 53044323, 8, NULL, 7, 188),
(121, 336, 52985605, 8, NULL, 7, 189),
(122, 337, 52654573, 8, NULL, NULL, NULL),
(123, 338, 53138105, 8, NULL, 7, 190),
(124, 339, 52770083, 8, NULL, 7, 191),
(125, 340, 52847879, 8, NULL, 7, 192),
(126, 341, 52765195, 8, NULL, 7, 193),
(127, 342, 53066044, 8, NULL, 7, 194),
(128, 343, 52662774, 8, NULL, 7, 195),
(129, 344, 52661288, 8, NULL, 7, 196),
(130, 345, 52597966, 8, NULL, 7, 197),
(131, 346, 53044381, 8, NULL, 7, 198),
(132, 347, 52005515, 3, NULL, 7, 41),
(133, 348, 52088506, 3, NULL, 7, 43),
(134, 349, 52090433, 3, NULL, 7, 44),
(135, 350, 52026888, 3, NULL, 7, 45),
(136, 351, 51584489, 3, NULL, 7, 46),
(137, 352, 52028820, 3, NULL, 7, 48),
(138, 353, 51479885, 3, NULL, 7, 77),
(139, 354, 50882995, 3, NULL, 7, 47),
(140, 355, 52197683, 3, NULL, 7, 49),
(141, 356, 52458389, 3, NULL, 7, 50),
(142, 357, 51162166, 3, NULL, 7, 51),
(143, 358, 52198432, 3, NULL, 7, 52),
(144, 359, 52198431, 3, NULL, 7, 53),
(145, 360, 50983609, 3, NULL, 7, 54),
(146, 361, 52126974, 3, NULL, 7, 56),
(147, 362, 50983565, 3, NULL, 7, 85),
(148, 363, 51485490, 3, NULL, 7, 57),
(149, 364, 51331781, 3, NULL, 7, 58),
(150, 365, 50882918, 3, NULL, 7, 86),
(151, 366, 51485628, 3, NULL, 7, 59),
(152, 367, 51498316, 3, NULL, 7, 60),
(153, 368, 52011357, 3, NULL, 7, 62),
(154, 369, 52125901, 3, NULL, 7, 64),
(155, 370, 51512916, 3, NULL, 7, 65),
(156, 371, 51170886, 3, NULL, 7, 66),
(157, 372, 52198479, 3, NULL, 7, 67),
(158, 373, 52437255, 3, NULL, 7, 68),
(159, 374, 52198407, 3, NULL, 7, 69),
(160, 375, 51331847, 3, NULL, 7, 70),
(161, 376, 51399163, 9, NULL, 7, 133),
(162, 377, 52394752, 9, NULL, 7, 42),
(163, 378, 52002985, 9, NULL, NULL, NULL),
(164, 379, 51574448, 9, NULL, 7, 74),
(165, 380, 50983559, 9, NULL, 7, 75),
(166, 381, 51585626, 9, NULL, 7, 76),
(167, 382, 52619100, 9, NULL, 7, 125),
(168, 383, 51485448, 9, NULL, 7, 78),
(169, 384, 52120584, 9, NULL, 7, 80),
(170, 385, 52441154, 9, NULL, 7, 81),
(171, 386, 50882974, 9, NULL, 7, 82),
(172, 387, 51428791, 9, NULL, 7, 83),
(173, 388, 50738488, 9, NULL, 7, 87),
(174, 389, 52124706, 9, NULL, 7, 85),
(175, 390, 51513000, 9, NULL, 7, 89),
(176, 391, 52198443, 9, NULL, 7, 91),
(177, 392, 52017737, 9, NULL, 7, 92),
(178, 393, 51182093, 9, NULL, NULL, NULL),
(179, 394, 50738415, 9, NULL, 7, 93),
(180, 395, 51170579, 9, NULL, 7, 95),
(181, 396, 51331697, 9, NULL, 7, 96),
(182, 397, 51183982, 9, NULL, 7, 97),
(183, 398, 51183632, 9, NULL, 7, 98),
(184, 399, 52125983, 9, NULL, 7, 99),
(185, 400, 52198476, 9, NULL, 7, 100),
(186, 401, 52197273, 9, NULL, 7, 101),
(187, 402, 52126904, 9, NULL, 7, 102),
(188, 403, 51218109, 4, NULL, 6, 186),
(189, 404, 50244783, 4, NULL, 6, 188),
(190, 405, 52990988, 4, NULL, 7, 15),
(191, 406, 50645586, 4, NULL, 7, 17),
(192, 407, 50717263, 4, NULL, 6, 182),
(193, 408, 50278215, 4, NULL, 6, 192),
(194, 409, 50490516, 4, NULL, 6, 193),
(195, 410, 50490674, 4, NULL, 6, 196),
(196, 411, 50278174, 4, NULL, 6, 197),
(197, 412, 50890431, 4, NULL, 6, 180),
(198, 413, 51060875, 4, NULL, 7, 22),
(199, 414, 95435937, 4, NULL, 6, 199),
(200, 415, 50970539, 4, NULL, NULL, NULL),
(201, 416, 50645506, 4, NULL, 7, 3),
(202, 417, 50278140, 4, NULL, 7, 23),
(203, 418, 51268615, 4, NULL, 7, 24),
(204, 419, 50414175, 4, NULL, 7, 25),
(205, 420, 50076069, 4, NULL, 6, 177),
(206, 421, 50132889, 4, NULL, 7, 39),
(207, 422, 51220807, 4, NULL, 7, 122),
(208, 423, 50278184, 4, NULL, NULL, NULL),
(209, 424, 50985225, 4, NULL, 7, 6),
(210, 425, 50613934, 4, NULL, 7, 26),
(211, 426, 50802053, 4, NULL, 7, 28),
(212, 427, 50230798, 4, NULL, 7, 7),
(213, 428, 50879019, 4, NULL, 7, 9),
(214, 429, 50490593, 4, NULL, 7, 10),
(215, 430, 50076056, 4, NULL, 7, 33),
(216, 431, 51219335, 4, NULL, NULL, NULL),
(217, 432, 50841421, 4, NULL, 7, 12),
(218, 433, 50717336, 4, NULL, 7, 38),
(219, 434, 50278102, 10, NULL, 6, 184),
(220, 435, 50278222, 10, NULL, 6, 185),
(221, 436, 50538734, 10, NULL, 7, 14),
(222, 437, 50147275, 10, NULL, NULL, NULL),
(223, 438, 50585032, 10, NULL, 6, 189),
(224, 439, 49988568, 10, NULL, 7, 18),
(225, 440, 50782945, 10, NULL, 7, 19),
(226, 441, 50230757, 10, NULL, 7, 10),
(227, 442, 50508285, 10, NULL, 6, 190),
(228, 443, 50638353, 10, NULL, 6, 191),
(229, 444, 50610792, 10, NULL, 6, 194),
(230, 445, 50230714, 10, NULL, 6, 195),
(231, 446, 50230742, 10, NULL, 7, 21),
(232, 447, 50298118, 10, NULL, 7, 121),
(233, 448, 50972632, 10, NULL, 6, 200),
(234, 449, 51220014, 10, NULL, 6, 201),
(235, 450, 50230794, 10, NULL, 7, 1),
(236, 451, 51060940, 10, NULL, 7, 4),
(237, 452, 50309673, 10, NULL, 6, 179),
(238, 453, 50076047, 10, NULL, 7, 5),
(239, 454, 50765458, 10, NULL, 7, 29),
(240, 455, 50493671, 10, NULL, 7, 32),
(241, 456, 50972533, 10, NULL, NULL, NULL),
(242, 457, 50512540, 10, NULL, 7, 124),
(243, 458, 51133914, 10, NULL, 7, 34),
(244, 459, 50528502, 10, NULL, 7, 35),
(245, 460, 50230781, 10, NULL, 7, 11),
(246, 461, 50527917, 10, NULL, 7, 36),
(247, 462, 51124962, 10, NULL, 7, 123),
(248, 463, 50278199, 10, NULL, 7, 37),
(249, 464, 49669167, 5, NULL, 6, 121),
(250, 465, 49623396, 5, NULL, 6, 123),
(251, 466, 50414003, 5, NULL, 6, 86),
(252, 467, 50299578, 5, NULL, 6, 89),
(253, 468, 50244733, 5, NULL, 7, 116),
(254, 469, 49552592, 5, NULL, 6, 92),
(255, 470, 49366854, 5, NULL, 6, 94),
(256, 471, 49882077, 5, NULL, 6, 130),
(257, 472, 50076044, 5, NULL, 6, 132),
(258, 473, 49741144, 5, NULL, 6, 99),
(259, 474, 49537932, 5, NULL, 6, 134),
(260, 475, 49812306, 5, NULL, 6, 136),
(261, 476, 49599058, 5, NULL, 6, 102),
(262, 477, 49366829, 5, NULL, 6, 103),
(263, 478, 49666685, 5, NULL, 6, 141),
(264, 479, 49664475, 5, NULL, 6, 142),
(265, 480, 49900744, 5, NULL, 6, 143),
(266, 481, 50369175, 5, NULL, 6, 144),
(267, 482, 49602485, 5, NULL, 6, 105),
(268, 483, 50528401, 5, NULL, 6, 148),
(269, 484, 49955583, 5, NULL, 6, 150),
(270, 485, 50045462, 5, NULL, 6, 146),
(271, 486, 49669427, 5, NULL, 6, 106),
(272, 487, 49882044, 5, NULL, 6, 107),
(273, 488, 49602445, 5, NULL, 6, 109),
(274, 489, 49831852, 5, NULL, 6, 114),
(275, 490, 49812348, 5, NULL, 6, 115),
(276, 491, 49595230, 5, NULL, 6, 116),
(277, 492, 50246525, 5, NULL, 6, 117),
(278, 493, 49602489, 5, NULL, 6, 154),
(279, 494, 49552600, 5, NULL, 6, 120),
(281, 496, 49595271, 11, NULL, 6, 176),
(282, 497, 49740413, 11, NULL, 6, 87),
(283, 498, 49882095, 11, NULL, 6, 88),
(284, 499, 49882051, 11, NULL, 7, 127),
(285, 500, 50398543, 11, NULL, 6, 125),
(286, 501, 50324733, 11, NULL, 6, 126),
(287, 502, 49735603, 11, NULL, 7, 131),
(288, 503, 49988544, 11, NULL, 6, 91),
(289, 504, 50270681, 11, NULL, 7, 135),
(290, 505, 49882844, 11, NULL, 7, 128),
(291, 506, 50270626, 11, NULL, 6, 127),
(292, 507, 49669176, 11, NULL, 6, 128),
(293, 508, 50012710, 11, NULL, 7, 129),
(294, 509, 49840399, 11, NULL, 6, 96),
(295, 510, 50392555, 11, NULL, NULL, NULL),
(296, 511, 49988553, 11, NULL, 6, 131),
(297, 512, 49669241, 11, NULL, 6, 98),
(298, 513, 49887684, 11, NULL, 6, 133),
(299, 514, 49900845, 11, NULL, 7, 118),
(300, 515, 50225124, 11, NULL, 6, 135),
(301, 516, 49366807, 11, NULL, 7, 119),
(302, 517, 49834355, 11, NULL, 6, 137),
(303, 518, 49669162, 11, NULL, 6, 138),
(304, 519, 50149828, 11, NULL, 6, 140),
(305, 520, 49812383, 11, NULL, 6, 104),
(306, 521, 49669121, 11, NULL, 6, 145),
(307, 522, 49928807, 11, NULL, 6, 147),
(308, 523, 49834498, 11, NULL, 6, 151),
(309, 524, 50234212, 11, NULL, 6, 108),
(310, 525, 50311240, 11, NULL, 6, 152),
(311, 526, 49812374, 11, NULL, 6, 110),
(312, 527, 49882034, 11, NULL, 6, 112),
(313, 528, 49537927, 11, NULL, 6, 153),
(314, 529, 49918930, 11, NULL, 7, 130),
(315, 530, 49988567, 11, NULL, 6, 119),
(316, 531, 49173276, 6, NULL, 6, 14),
(317, 532, 48944403, 6, NULL, 6, 55),
(318, 533, 48940139, 6, NULL, 6, 56),
(319, 534, 48940334, 6, NULL, 6, 17),
(320, 535, 48856992, 6, NULL, 6, 162),
(321, 536, 49318795, 6, NULL, 6, 59),
(322, 537, 49009047, 6, NULL, 6, 19),
(323, 538, 48845055, 6, NULL, 6, 20),
(324, 539, 48855770, 6, NULL, 6, 23),
(325, 540, 49380468, 6, NULL, 6, 24),
(326, 541, 49539474, 6, NULL, 6, 27),
(327, 542, 49173143, 6, NULL, 6, 66),
(328, 543, 48841391, 6, NULL, 6, 28),
(329, 544, 49306824, 6, NULL, 6, 29),
(330, 545, 48940062, 6, NULL, 6, 30),
(331, 546, 49306870, 6, NULL, 6, 35),
(332, 547, 49173178, 6, NULL, 6, 36),
(333, 548, 49233908, 6, NULL, 6, 155),
(334, 549, 48940014, 6, NULL, 6, 73),
(335, 550, 48940036, 6, NULL, 6, 74),
(336, 551, 49164188, 6, NULL, 6, 165),
(337, 552, 49118605, 6, NULL, 6, 77),
(338, 553, 49253387, 6, NULL, 6, 78),
(339, 554, 49230455, 6, NULL, 6, 80),
(340, 555, 48941216, 6, NULL, 6, 81),
(341, 556, 48940090, 6, NULL, 6, 41),
(342, 557, 48940200, 6, NULL, 6, 42),
(343, 558, 49087348, 6, NULL, 6, 43),
(344, 559, 48939520, 6, NULL, 6, 46),
(345, 560, 48940166, 6, NULL, 6, 47),
(346, 561, 49430477, 6, NULL, 6, 48),
(347, 562, 49173127, 6, NULL, 6, 49),
(348, 563, 49192713, 6, NULL, 6, 157),
(349, 564, 49313413, 6, NULL, 6, 51),
(350, 565, 49520126, 6, NULL, 6, 53),
(351, 566, 48940162, 12, NULL, 6, 15),
(352, 567, 48651277, 12, NULL, 6, 16),
(353, 568, 49665505, 12, NULL, 6, 57),
(354, 569, 48883697, 12, NULL, 6, 58),
(355, 570, 49158690, 12, NULL, NULL, NULL),
(356, 571, 48842788, 12, NULL, 7, 126),
(357, 572, 48845041, 12, NULL, 6, 60),
(358, 573, 49192609, 12, NULL, 6, 22),
(359, 574, 49545198, 12, NULL, 6, 63),
(360, 575, 48883695, 12, NULL, 7, 109),
(361, 576, 49173220, 12, NULL, 6, 67),
(362, 577, 49306844, 12, NULL, 6, 34),
(363, 578, 50359395, 12, NULL, 6, 70),
(364, 579, 49306859, 12, NULL, 7, 111),
(365, 580, 49169772, 12, NULL, 6, 71),
(366, 581, 49112468, 12, NULL, 6, 173),
(367, 582, 48651278, 12, NULL, 6, 37),
(368, 583, 48845073, 12, NULL, 6, 75),
(369, 584, 49076783, 12, NULL, 7, 112),
(370, 585, 49013645, 12, NULL, 6, 39),
(371, 586, 49595209, 12, NULL, 6, 79),
(372, 587, 48845120, 12, NULL, 6, 40),
(373, 588, 48703372, 12, NULL, 7, 113),
(374, 589, 48772423, 12, NULL, 6, 82),
(375, 590, 49179153, 12, NULL, 6, 45),
(376, 591, 49198740, 12, NULL, 6, 168),
(377, 592, 48845144, 12, NULL, 7, 114),
(378, 593, 48939358, 12, NULL, 7, 115),
(379, 597, NULL, 5, NULL, NULL, NULL);

--
-- Disparadores `alumnos`
--
DELIMITER $$
CREATE TRIGGER `before_insert_alumno` BEFORE INSERT ON `alumnos` FOR EACH ROW BEGIN
    -- Quitar puntos y espacios del DNI
    SET NEW.dni = REPLACE(REPLACE(NEW.dni, '.', ''), ' ', '');
END
$$
DELIMITER ;

-- --------------------------------------------------------

--
-- Estructura de tabla para la tabla `alumno_tutor`
--

CREATE TABLE `alumno_tutor` (
  `id_alumno_tutor` int(11) NOT NULL,
  `id_alumno` int(11) NOT NULL,
  `id_tutor` int(11) NOT NULL
) ENGINE=InnoDB DEFAULT CHARSET=utf8mb4 COLLATE=utf8mb4_unicode_ci;

--
-- Volcado de datos para la tabla `alumno_tutor`
--

INSERT INTO `alumno_tutor` (`id_alumno_tutor`, `id_alumno`, `id_tutor`) VALUES
(1, 1, 9),
(2, 1, 10),
(3, 2, 11),
(50, 3, 58),
(51, 3, 59),
(52, 4, 60),
(4, 5, 12),
(53, 6, 61),
(5, 7, 13),
(6, 8, 14),
(54, 8, 62),
(7, 9, 15),
(8, 9, 16),
(9, 10, 17),
(10, 10, 18),
(11, 11, 19),
(12, 12, 20),
(13, 13, 21),
(14, 14, 22),
(15, 15, 23),
(16, 16, 24),
(17, 17, 25),
(61, 18, 69),
(18, 19, 26),
(19, 19, 27),
(20, 20, 28),
(21, 21, 29),
(22, 21, 30),
(23, 22, 31),
(24, 23, 32),
(25, 23, 33),
(26, 24, 34),
(27, 25, 35),
(28, 26, 36),
(29, 27, 37),
(56, 27, 64),
(30, 28, 38),
(31, 28, 39),
(57, 29, 65),
(32, 30, 40),
(58, 30, 66),
(33, 31, 41),
(34, 32, 42),
(35, 32, 43),
(36, 33, 44),
(59, 34, 67),
(37, 35, 45),
(38, 36, 46),
(39, 36, 47);

-- --------------------------------------------------------

--
-- Estructura de tabla para la tabla `asistencias`
--

CREATE TABLE `asistencias` (
  `id_asistencia` int(11) NOT NULL,
  `id_alumno` int(11) NOT NULL,
  `id_curso_materia` int(11) NOT NULL,
  `fecha` date NOT NULL,
  `sesion` varchar(36) COLLATE utf8mb4_unicode_ci DEFAULT NULL,
  `estado` enum('P','A') COLLATE utf8mb4_unicode_ci NOT NULL,
  `created_at` datetime NOT NULL DEFAULT CURRENT_TIMESTAMP
) ENGINE=InnoDB DEFAULT CHARSET=utf8mb4 COLLATE=utf8mb4_unicode_ci;

--
-- Volcado de datos para la tabla `asistencias`
--

INSERT INTO `asistencias` (`id_asistencia`, `id_alumno`, `id_curso_materia`, `fecha`, `sesion`, `estado`, `created_at`) VALUES
(1, 353, 276, '2026-04-01', 'd1fca7d0-0322-4964-b317-5ef541bb1e5a', 'A', '2026-04-01 13:10:53'),
(2, 359, 276, '2026-04-01', 'd1fca7d0-0322-4964-b317-5ef541bb1e5a', 'A', '2026-04-01 13:10:56'),
(3, 365, 276, '2026-04-01', 'd1fca7d0-0322-4964-b317-5ef541bb1e5a', 'A', '2026-04-01 13:11:12'),
(4, 353, 276, '2026-03-25', 'd2ad9996-8122-4a28-917d-d1833575e063', 'A', '2026-04-01 13:11:36'),
(5, 355, 276, '2026-03-25', 'd2ad9996-8122-4a28-917d-d1833575e063', 'A', '2026-04-01 13:11:44'),
(6, 364, 276, '2026-03-25', 'd2ad9996-8122-4a28-917d-d1833575e063', 'A', '2026-04-01 13:12:01'),
(7, 374, 276, '2026-03-25', 'd2ad9996-8122-4a28-917d-d1833575e063', 'A', '2026-04-01 13:12:05'),
(8, 351, 276, '2026-03-25', 'd2ad9996-8122-4a28-917d-d1833575e063', 'P', '2026-04-01 13:12:11'),
(9, 352, 276, '2026-03-25', 'd2ad9996-8122-4a28-917d-d1833575e063', 'P', '2026-04-01 13:12:12'),
(10, 354, 276, '2026-03-25', 'd2ad9996-8122-4a28-917d-d1833575e063', 'P', '2026-04-01 13:12:14'),
(11, 356, 276, '2026-03-25', 'd2ad9996-8122-4a28-917d-d1833575e063', 'P', '2026-04-01 13:12:15'),
(12, 357, 276, '2026-03-25', 'd2ad9996-8122-4a28-917d-d1833575e063', 'P', '2026-04-01 13:12:16'),
(13, 358, 276, '2026-03-25', 'd2ad9996-8122-4a28-917d-d1833575e063', 'P', '2026-04-01 13:12:16'),
(14, 359, 276, '2026-03-25', 'd2ad9996-8122-4a28-917d-d1833575e063', 'P', '2026-04-01 13:12:16'),
(15, 360, 276, '2026-03-25', 'd2ad9996-8122-4a28-917d-d1833575e063', 'P', '2026-04-01 13:12:17'),
(16, 361, 276, '2026-03-25', 'd2ad9996-8122-4a28-917d-d1833575e063', 'P', '2026-04-01 13:12:17'),
(17, 362, 276, '2026-03-25', 'd2ad9996-8122-4a28-917d-d1833575e063', 'P', '2026-04-01 13:12:17'),
(18, 363, 276, '2026-03-25', 'd2ad9996-8122-4a28-917d-d1833575e063', 'P', '2026-04-01 13:12:17'),
(19, 365, 276, '2026-03-25', 'd2ad9996-8122-4a28-917d-d1833575e063', 'P', '2026-04-01 13:12:18'),
(20, 366, 276, '2026-03-25', 'd2ad9996-8122-4a28-917d-d1833575e063', 'P', '2026-04-01 13:12:19'),
(21, 367, 276, '2026-03-25', 'd2ad9996-8122-4a28-917d-d1833575e063', 'P', '2026-04-01 13:12:19'),
(22, 368, 276, '2026-03-25', 'd2ad9996-8122-4a28-917d-d1833575e063', 'P', '2026-04-01 13:12:21'),
(23, 369, 276, '2026-03-25', 'd2ad9996-8122-4a28-917d-d1833575e063', 'P', '2026-04-01 13:12:22'),
(24, 370, 276, '2026-03-25', 'd2ad9996-8122-4a28-917d-d1833575e063', 'P', '2026-04-01 13:12:22'),
(25, 371, 276, '2026-03-25', 'd2ad9996-8122-4a28-917d-d1833575e063', 'P', '2026-04-01 13:12:22'),
(26, 372, 276, '2026-03-25', 'd2ad9996-8122-4a28-917d-d1833575e063', 'P', '2026-04-01 13:12:22'),
(27, 373, 276, '2026-03-25', 'd2ad9996-8122-4a28-917d-d1833575e063', 'P', '2026-04-01 13:12:23'),
(28, 375, 276, '2026-03-25', 'd2ad9996-8122-4a28-917d-d1833575e063', 'P', '2026-04-01 13:12:24'),
(29, 376, 276, '2026-03-25', 'd2ad9996-8122-4a28-917d-d1833575e063', 'P', '2026-04-01 13:12:24'),
(30, 377, 276, '2026-03-25', 'd2ad9996-8122-4a28-917d-d1833575e063', 'P', '2026-04-01 13:12:25'),
(31, 378, 276, '2026-03-25', 'd2ad9996-8122-4a28-917d-d1833575e063', 'P', '2026-04-01 13:12:26'),
(32, 351, 276, '2026-04-01', 'd1fca7d0-0322-4964-b317-5ef541bb1e5a', 'P', '2026-04-01 13:12:30'),
(33, 352, 276, '2026-04-01', 'd1fca7d0-0322-4964-b317-5ef541bb1e5a', 'P', '2026-04-01 13:12:30'),
(34, 354, 276, '2026-04-01', 'd1fca7d0-0322-4964-b317-5ef541bb1e5a', 'P', '2026-04-01 13:12:31'),
(35, 355, 276, '2026-04-01', 'd1fca7d0-0322-4964-b317-5ef541bb1e5a', 'P', '2026-04-01 13:12:31'),
(36, 356, 276, '2026-04-01', 'd1fca7d0-0322-4964-b317-5ef541bb1e5a', 'P', '2026-04-01 13:12:31'),
(37, 357, 276, '2026-04-01', 'd1fca7d0-0322-4964-b317-5ef541bb1e5a', 'P', '2026-04-01 13:12:32'),
(38, 358, 276, '2026-04-01', 'd1fca7d0-0322-4964-b317-5ef541bb1e5a', 'P', '2026-04-01 13:12:32'),
(39, 360, 276, '2026-04-01', 'd1fca7d0-0322-4964-b317-5ef541bb1e5a', 'P', '2026-04-01 13:12:33'),
(40, 361, 276, '2026-04-01', 'd1fca7d0-0322-4964-b317-5ef541bb1e5a', 'P', '2026-04-01 13:12:33'),
(41, 362, 276, '2026-04-01', 'd1fca7d0-0322-4964-b317-5ef541bb1e5a', 'P', '2026-04-01 13:12:33'),
(42, 363, 276, '2026-04-01', 'd1fca7d0-0322-4964-b317-5ef541bb1e5a', 'P', '2026-04-01 13:12:34'),
(43, 364, 276, '2026-04-01', 'd1fca7d0-0322-4964-b317-5ef541bb1e5a', 'P', '2026-04-01 13:12:34'),
(44, 366, 276, '2026-04-01', 'd1fca7d0-0322-4964-b317-5ef541bb1e5a', 'P', '2026-04-01 13:12:35'),
(45, 367, 276, '2026-04-01', 'd1fca7d0-0322-4964-b317-5ef541bb1e5a', 'P', '2026-04-01 13:12:35'),
(46, 368, 276, '2026-04-01', 'd1fca7d0-0322-4964-b317-5ef541bb1e5a', 'P', '2026-04-01 13:12:37'),
(47, 369, 276, '2026-04-01', 'd1fca7d0-0322-4964-b317-5ef541bb1e5a', 'P', '2026-04-01 13:12:38'),
(48, 370, 276, '2026-04-01', 'd1fca7d0-0322-4964-b317-5ef541bb1e5a', 'P', '2026-04-01 13:12:38'),
(49, 371, 276, '2026-04-01', 'd1fca7d0-0322-4964-b317-5ef541bb1e5a', 'P', '2026-04-01 13:12:38'),
(50, 372, 276, '2026-04-01', 'd1fca7d0-0322-4964-b317-5ef541bb1e5a', 'P', '2026-04-01 13:12:38'),
(51, 373, 276, '2026-04-01', 'd1fca7d0-0322-4964-b317-5ef541bb1e5a', 'P', '2026-04-01 13:12:39'),
(52, 374, 276, '2026-04-01', 'd1fca7d0-0322-4964-b317-5ef541bb1e5a', 'P', '2026-04-01 13:12:39'),
(53, 375, 276, '2026-04-01', 'd1fca7d0-0322-4964-b317-5ef541bb1e5a', 'P', '2026-04-01 13:12:40'),
(54, 376, 276, '2026-04-01', 'd1fca7d0-0322-4964-b317-5ef541bb1e5a', 'P', '2026-04-01 13:12:40'),
(55, 377, 276, '2026-04-01', 'd1fca7d0-0322-4964-b317-5ef541bb1e5a', 'P', '2026-04-01 13:12:40'),
(56, 378, 276, '2026-04-01', 'd1fca7d0-0322-4964-b317-5ef541bb1e5a', 'P', '2026-04-01 13:12:41'),
(57, 351, 276, '2026-03-18', '828195c8-4db8-461c-8727-b8d6ec78930e', 'P', '2026-04-01 13:13:05'),
(59, 352, 276, '2026-03-18', '828195c8-4db8-461c-8727-b8d6ec78930e', 'P', '2026-04-01 13:13:06'),
(60, 353, 276, '2026-03-18', '828195c8-4db8-461c-8727-b8d6ec78930e', 'P', '2026-04-01 13:13:06'),
(61, 354, 276, '2026-03-18', '828195c8-4db8-461c-8727-b8d6ec78930e', 'P', '2026-04-01 13:13:06'),
(62, 355, 276, '2026-03-18', '828195c8-4db8-461c-8727-b8d6ec78930e', 'P', '2026-04-01 13:13:07'),
(63, 356, 276, '2026-03-18', '828195c8-4db8-461c-8727-b8d6ec78930e', 'P', '2026-04-01 13:13:07'),
(64, 357, 276, '2026-03-18', '828195c8-4db8-461c-8727-b8d6ec78930e', 'P', '2026-04-01 13:13:07'),
(65, 358, 276, '2026-03-18', '828195c8-4db8-461c-8727-b8d6ec78930e', 'P', '2026-04-01 13:13:07'),
(66, 359, 276, '2026-03-18', '828195c8-4db8-461c-8727-b8d6ec78930e', 'P', '2026-04-01 13:13:08'),
(67, 360, 276, '2026-03-18', '828195c8-4db8-461c-8727-b8d6ec78930e', 'P', '2026-04-01 13:13:08'),
(68, 361, 276, '2026-03-18', '828195c8-4db8-461c-8727-b8d6ec78930e', 'P', '2026-04-01 13:13:08'),
(69, 362, 276, '2026-03-18', '828195c8-4db8-461c-8727-b8d6ec78930e', 'P', '2026-04-01 13:13:08'),
(70, 363, 276, '2026-03-18', '828195c8-4db8-461c-8727-b8d6ec78930e', 'P', '2026-04-01 13:13:09'),
(71, 364, 276, '2026-03-18', '828195c8-4db8-461c-8727-b8d6ec78930e', 'P', '2026-04-01 13:13:09'),
(72, 365, 276, '2026-03-18', '828195c8-4db8-461c-8727-b8d6ec78930e', 'P', '2026-04-01 13:13:09'),
(73, 366, 276, '2026-03-18', '828195c8-4db8-461c-8727-b8d6ec78930e', 'P', '2026-04-01 13:13:09'),
(74, 367, 276, '2026-03-18', '828195c8-4db8-461c-8727-b8d6ec78930e', 'P', '2026-04-01 13:13:11'),
(75, 368, 276, '2026-03-18', '828195c8-4db8-461c-8727-b8d6ec78930e', 'P', '2026-04-01 13:13:11'),
(76, 369, 276, '2026-03-18', '828195c8-4db8-461c-8727-b8d6ec78930e', 'P', '2026-04-01 13:13:11'),
(77, 370, 276, '2026-03-18', '828195c8-4db8-461c-8727-b8d6ec78930e', 'P', '2026-04-01 13:13:12'),
(78, 371, 276, '2026-03-18', '828195c8-4db8-461c-8727-b8d6ec78930e', 'P', '2026-04-01 13:13:13'),
(79, 372, 276, '2026-03-18', '828195c8-4db8-461c-8727-b8d6ec78930e', 'P', '2026-04-01 13:13:14'),
(80, 373, 276, '2026-03-18', '828195c8-4db8-461c-8727-b8d6ec78930e', 'P', '2026-04-01 13:13:14'),
(81, 374, 276, '2026-03-18', '828195c8-4db8-461c-8727-b8d6ec78930e', 'P', '2026-04-01 13:13:15'),
(82, 375, 276, '2026-03-18', '828195c8-4db8-461c-8727-b8d6ec78930e', 'A', '2026-04-01 13:13:15'),
(84, 376, 276, '2026-03-18', '828195c8-4db8-461c-8727-b8d6ec78930e', 'P', '2026-04-01 13:13:19'),
(85, 377, 276, '2026-03-18', '828195c8-4db8-461c-8727-b8d6ec78930e', 'P', '2026-04-01 13:13:20'),
(86, 378, 276, '2026-03-18', '828195c8-4db8-461c-8727-b8d6ec78930e', 'P', '2026-04-01 13:13:20'),
(87, 281, 257, '2026-04-06', '35adf286-c60a-402d-a276-fc25630ce26f', 'P', '2026-04-06 12:16:45'),
(88, 282, 257, '2026-04-06', '35adf286-c60a-402d-a276-fc25630ce26f', 'P', '2026-04-06 12:16:49'),
(89, 283, 257, '2026-04-06', '35adf286-c60a-402d-a276-fc25630ce26f', 'A', '2026-04-06 12:16:52'),
(90, 284, 257, '2026-04-06', '35adf286-c60a-402d-a276-fc25630ce26f', 'A', '2026-04-06 12:16:56'),
(91, 285, 257, '2026-04-06', '35adf286-c60a-402d-a276-fc25630ce26f', 'P', '2026-04-06 12:17:02'),
(92, 286, 257, '2026-04-06', '35adf286-c60a-402d-a276-fc25630ce26f', 'P', '2026-04-06 12:17:06'),
(93, 287, 257, '2026-04-06', '35adf286-c60a-402d-a276-fc25630ce26f', 'P', '2026-04-06 12:17:08'),
(94, 288, 257, '2026-04-06', '35adf286-c60a-402d-a276-fc25630ce26f', 'A', '2026-04-06 12:17:12'),
(95, 289, 257, '2026-04-06', '35adf286-c60a-402d-a276-fc25630ce26f', 'A', '2026-04-06 12:17:16'),
(96, 290, 257, '2026-04-06', '35adf286-c60a-402d-a276-fc25630ce26f', 'P', '2026-04-06 12:17:19'),
(97, 291, 257, '2026-04-06', '35adf286-c60a-402d-a276-fc25630ce26f', 'P', '2026-04-06 12:17:25'),
(98, 292, 257, '2026-04-06', '35adf286-c60a-402d-a276-fc25630ce26f', 'A', '2026-04-06 12:17:36'),
(99, 293, 257, '2026-04-06', '35adf286-c60a-402d-a276-fc25630ce26f', 'A', '2026-04-06 12:17:41'),
(100, 294, 257, '2026-04-06', '35adf286-c60a-402d-a276-fc25630ce26f', 'P', '2026-04-06 12:17:45'),
(101, 295, 257, '2026-04-06', '35adf286-c60a-402d-a276-fc25630ce26f', 'P', '2026-04-06 12:17:47'),
(102, 296, 257, '2026-04-06', '35adf286-c60a-402d-a276-fc25630ce26f', 'A', '2026-04-06 12:17:50'),
(103, 297, 257, '2026-04-06', '35adf286-c60a-402d-a276-fc25630ce26f', 'A', '2026-04-06 12:17:54'),
(104, 298, 257, '2026-04-06', '35adf286-c60a-402d-a276-fc25630ce26f', 'P', '2026-04-06 12:17:58'),
(105, 299, 257, '2026-04-06', '35adf286-c60a-402d-a276-fc25630ce26f', 'P', '2026-04-06 12:18:01'),
(106, 300, 257, '2026-04-06', '35adf286-c60a-402d-a276-fc25630ce26f', 'P', '2026-04-06 12:18:04'),
(107, 301, 257, '2026-04-06', '35adf286-c60a-402d-a276-fc25630ce26f', 'P', '2026-04-06 12:18:07'),
(108, 302, 257, '2026-04-06', '35adf286-c60a-402d-a276-fc25630ce26f', 'A', '2026-04-06 12:18:10'),
(109, 303, 257, '2026-04-06', '35adf286-c60a-402d-a276-fc25630ce26f', 'P', '2026-04-06 12:18:13'),
(110, 304, 257, '2026-04-06', '35adf286-c60a-402d-a276-fc25630ce26f', 'A', '2026-04-06 12:18:16'),
(111, 305, 257, '2026-04-06', '35adf286-c60a-402d-a276-fc25630ce26f', 'P', '2026-04-06 12:18:20'),
(112, 306, 257, '2026-04-06', '35adf286-c60a-402d-a276-fc25630ce26f', 'P', '2026-04-06 12:18:23'),
(113, 307, 257, '2026-04-06', '35adf286-c60a-402d-a276-fc25630ce26f', 'A', '2026-04-06 12:18:26'),
(114, 308, 257, '2026-04-06', '35adf286-c60a-402d-a276-fc25630ce26f', 'P', '2026-04-06 12:18:29'),
(115, 309, 257, '2026-04-06', '35adf286-c60a-402d-a276-fc25630ce26f', 'P', '2026-04-06 12:18:32'),
(116, 310, 257, '2026-04-06', '35adf286-c60a-402d-a276-fc25630ce26f', 'A', '2026-04-06 12:18:36'),
(117, 311, 257, '2026-04-06', '35adf286-c60a-402d-a276-fc25630ce26f', 'P', '2026-04-06 12:18:38'),
(118, 312, 257, '2026-04-06', '35adf286-c60a-402d-a276-fc25630ce26f', 'P', '2026-04-06 12:18:41'),
(119, 313, 257, '2026-04-06', '35adf286-c60a-402d-a276-fc25630ce26f', 'P', '2026-04-06 12:18:42'),
(120, 314, 257, '2026-04-06', '35adf286-c60a-402d-a276-fc25630ce26f', 'A', '2026-04-06 12:18:44'),
(121, 315, 257, '2026-04-06', '35adf286-c60a-402d-a276-fc25630ce26f', 'A', '2026-04-06 12:18:47'),
(122, 281, 257, '2026-03-30', 'd2549d81-81a8-412a-93ff-e9a619d87906', 'A', '2026-04-06 12:24:18'),
(123, 287, 257, '2026-03-30', 'd2549d81-81a8-412a-93ff-e9a619d87906', 'A', '2026-04-06 12:24:23'),
(124, 295, 257, '2026-03-30', 'd2549d81-81a8-412a-93ff-e9a619d87906', 'A', '2026-04-06 12:24:29'),
(125, 282, 257, '2026-03-30', 'd2549d81-81a8-412a-93ff-e9a619d87906', 'P', '2026-04-06 12:24:39'),
(127, 283, 257, '2026-03-30', 'd2549d81-81a8-412a-93ff-e9a619d87906', 'P', '2026-04-06 12:24:41'),
(128, 284, 257, '2026-03-30', 'd2549d81-81a8-412a-93ff-e9a619d87906', 'P', '2026-04-06 12:24:41'),
(129, 285, 257, '2026-03-30', 'd2549d81-81a8-412a-93ff-e9a619d87906', 'P', '2026-04-06 12:24:41'),
(130, 286, 257, '2026-03-30', 'd2549d81-81a8-412a-93ff-e9a619d87906', 'P', '2026-04-06 12:24:42'),
(131, 288, 257, '2026-03-30', 'd2549d81-81a8-412a-93ff-e9a619d87906', 'P', '2026-04-06 12:24:42'),
(132, 289, 257, '2026-03-30', 'd2549d81-81a8-412a-93ff-e9a619d87906', 'P', '2026-04-06 12:24:43'),
(133, 290, 257, '2026-03-30', 'd2549d81-81a8-412a-93ff-e9a619d87906', 'P', '2026-04-06 12:24:43'),
(134, 291, 257, '2026-03-30', 'd2549d81-81a8-412a-93ff-e9a619d87906', 'P', '2026-04-06 12:24:43'),
(135, 292, 257, '2026-03-30', 'd2549d81-81a8-412a-93ff-e9a619d87906', 'P', '2026-04-06 12:24:43'),
(136, 293, 257, '2026-03-30', 'd2549d81-81a8-412a-93ff-e9a619d87906', 'P', '2026-04-06 12:24:44'),
(137, 294, 257, '2026-03-30', 'd2549d81-81a8-412a-93ff-e9a619d87906', 'P', '2026-04-06 12:24:44'),
(138, 296, 257, '2026-03-30', 'd2549d81-81a8-412a-93ff-e9a619d87906', 'P', '2026-04-06 12:24:47'),
(139, 297, 257, '2026-03-30', 'd2549d81-81a8-412a-93ff-e9a619d87906', 'P', '2026-04-06 12:24:47'),
(140, 298, 257, '2026-03-30', 'd2549d81-81a8-412a-93ff-e9a619d87906', 'P', '2026-04-06 12:24:47'),
(141, 299, 257, '2026-03-30', 'd2549d81-81a8-412a-93ff-e9a619d87906', 'P', '2026-04-06 12:24:47'),
(142, 300, 257, '2026-03-30', 'd2549d81-81a8-412a-93ff-e9a619d87906', 'P', '2026-04-06 12:24:48'),
(143, 301, 257, '2026-03-30', 'd2549d81-81a8-412a-93ff-e9a619d87906', 'P', '2026-04-06 12:24:48'),
(144, 302, 257, '2026-03-30', 'd2549d81-81a8-412a-93ff-e9a619d87906', 'P', '2026-04-06 12:24:48'),
(145, 303, 257, '2026-03-30', 'd2549d81-81a8-412a-93ff-e9a619d87906', 'P', '2026-04-06 12:24:48'),
(146, 304, 257, '2026-03-30', 'd2549d81-81a8-412a-93ff-e9a619d87906', 'P', '2026-04-06 12:24:48'),
(147, 305, 257, '2026-03-30', 'd2549d81-81a8-412a-93ff-e9a619d87906', 'P', '2026-04-06 12:24:49'),
(148, 306, 257, '2026-03-30', 'd2549d81-81a8-412a-93ff-e9a619d87906', 'P', '2026-04-06 12:24:49'),
(149, 307, 257, '2026-03-30', 'd2549d81-81a8-412a-93ff-e9a619d87906', 'P', '2026-04-06 12:24:50'),
(150, 308, 257, '2026-03-30', 'd2549d81-81a8-412a-93ff-e9a619d87906', 'P', '2026-04-06 12:24:50'),
(151, 309, 257, '2026-03-30', 'd2549d81-81a8-412a-93ff-e9a619d87906', 'P', '2026-04-06 12:24:52'),
(152, 310, 257, '2026-03-30', 'd2549d81-81a8-412a-93ff-e9a619d87906', 'P', '2026-04-06 12:24:52'),
(153, 311, 257, '2026-03-30', 'd2549d81-81a8-412a-93ff-e9a619d87906', 'P', '2026-04-06 12:24:52'),
(154, 312, 257, '2026-03-30', 'd2549d81-81a8-412a-93ff-e9a619d87906', 'P', '2026-04-06 12:24:52'),
(155, 313, 257, '2026-03-30', 'd2549d81-81a8-412a-93ff-e9a619d87906', 'P', '2026-04-06 12:24:53'),
(156, 314, 257, '2026-03-30', 'd2549d81-81a8-412a-93ff-e9a619d87906', 'P', '2026-04-06 12:24:53'),
(157, 315, 257, '2026-03-30', 'd2549d81-81a8-412a-93ff-e9a619d87906', 'P', '2026-04-06 12:24:54'),
(158, 287, 257, '2026-03-16', '184f9580-457d-4fe5-a676-b761735504b9', 'A', '2026-04-06 12:25:16'),
(159, 281, 257, '2026-03-16', '184f9580-457d-4fe5-a676-b761735504b9', 'P', '2026-04-06 12:25:20'),
(160, 282, 257, '2026-03-16', '184f9580-457d-4fe5-a676-b761735504b9', 'P', '2026-04-06 12:25:21'),
(161, 283, 257, '2026-03-16', '184f9580-457d-4fe5-a676-b761735504b9', 'P', '2026-04-06 12:25:21'),
(162, 284, 257, '2026-03-16', '184f9580-457d-4fe5-a676-b761735504b9', 'P', '2026-04-06 12:25:21'),
(163, 285, 257, '2026-03-16', '184f9580-457d-4fe5-a676-b761735504b9', 'P', '2026-04-06 12:25:21'),
(164, 286, 257, '2026-03-16', '184f9580-457d-4fe5-a676-b761735504b9', 'P', '2026-04-06 12:25:22'),
(165, 288, 257, '2026-03-16', '184f9580-457d-4fe5-a676-b761735504b9', 'P', '2026-04-06 12:25:23'),
(166, 289, 257, '2026-03-16', '184f9580-457d-4fe5-a676-b761735504b9', 'P', '2026-04-06 12:25:23'),
(167, 290, 257, '2026-03-16', '184f9580-457d-4fe5-a676-b761735504b9', 'P', '2026-04-06 12:25:23'),
(168, 291, 257, '2026-03-16', '184f9580-457d-4fe5-a676-b761735504b9', 'P', '2026-04-06 12:25:23'),
(169, 292, 257, '2026-03-16', '184f9580-457d-4fe5-a676-b761735504b9', 'P', '2026-04-06 12:25:24'),
(170, 293, 257, '2026-03-16', '184f9580-457d-4fe5-a676-b761735504b9', 'P', '2026-04-06 12:25:24'),
(171, 294, 257, '2026-03-16', '184f9580-457d-4fe5-a676-b761735504b9', 'P', '2026-04-06 12:25:24'),
(172, 295, 257, '2026-03-16', '184f9580-457d-4fe5-a676-b761735504b9', 'P', '2026-04-06 12:25:24'),
(173, 296, 257, '2026-03-16', '184f9580-457d-4fe5-a676-b761735504b9', 'P', '2026-04-06 12:25:25'),
(174, 297, 257, '2026-03-16', '184f9580-457d-4fe5-a676-b761735504b9', 'P', '2026-04-06 12:25:25'),
(175, 298, 257, '2026-03-16', '184f9580-457d-4fe5-a676-b761735504b9', 'P', '2026-04-06 12:25:25'),
(176, 299, 257, '2026-03-16', '184f9580-457d-4fe5-a676-b761735504b9', 'P', '2026-04-06 12:25:25'),
(177, 300, 257, '2026-03-16', '184f9580-457d-4fe5-a676-b761735504b9', 'P', '2026-04-06 12:25:26'),
(178, 301, 257, '2026-03-16', '184f9580-457d-4fe5-a676-b761735504b9', 'P', '2026-04-06 12:25:26'),
(179, 302, 257, '2026-03-16', '184f9580-457d-4fe5-a676-b761735504b9', 'P', '2026-04-06 12:25:26'),
(180, 303, 257, '2026-03-16', '184f9580-457d-4fe5-a676-b761735504b9', 'P', '2026-04-06 12:25:26'),
(181, 304, 257, '2026-03-16', '184f9580-457d-4fe5-a676-b761735504b9', 'P', '2026-04-06 12:25:26'),
(182, 305, 257, '2026-03-16', '184f9580-457d-4fe5-a676-b761735504b9', 'P', '2026-04-06 12:25:27'),
(183, 306, 257, '2026-03-16', '184f9580-457d-4fe5-a676-b761735504b9', 'P', '2026-04-06 12:25:27'),
(184, 307, 257, '2026-03-16', '184f9580-457d-4fe5-a676-b761735504b9', 'P', '2026-04-06 12:25:27'),
(185, 308, 257, '2026-03-16', '184f9580-457d-4fe5-a676-b761735504b9', 'P', '2026-04-06 12:25:27'),
(186, 309, 257, '2026-03-16', '184f9580-457d-4fe5-a676-b761735504b9', 'P', '2026-04-06 12:25:28'),
(187, 310, 257, '2026-03-16', '184f9580-457d-4fe5-a676-b761735504b9', 'P', '2026-04-06 12:25:28'),
(188, 311, 257, '2026-03-16', '184f9580-457d-4fe5-a676-b761735504b9', 'P', '2026-04-06 12:25:28'),
(189, 312, 257, '2026-03-16', '184f9580-457d-4fe5-a676-b761735504b9', 'P', '2026-04-06 12:25:28'),
(190, 313, 257, '2026-03-16', '184f9580-457d-4fe5-a676-b761735504b9', 'P', '2026-04-06 12:25:29'),
(191, 314, 257, '2026-03-16', '184f9580-457d-4fe5-a676-b761735504b9', 'P', '2026-04-06 12:25:29'),
(192, 315, 257, '2026-03-16', '184f9580-457d-4fe5-a676-b761735504b9', 'P', '2026-04-06 12:25:29'),
(194, 188, 167, '2026-04-06', 'd623b6cc-cf45-4741-b621-f97d180e898a', 'P', '2026-04-06 13:11:03'),
(195, 189, 167, '2026-04-06', 'd623b6cc-cf45-4741-b621-f97d180e898a', 'P', '2026-04-06 13:11:05'),
(196, 190, 167, '2026-04-06', 'd623b6cc-cf45-4741-b621-f97d180e898a', 'A', '2026-04-06 13:11:18'),
(197, 191, 167, '2026-04-06', 'd623b6cc-cf45-4741-b621-f97d180e898a', 'P', '2026-04-06 13:11:21'),
(198, 192, 167, '2026-04-06', 'd623b6cc-cf45-4741-b621-f97d180e898a', 'P', '2026-04-06 13:11:22'),
(199, 193, 167, '2026-04-06', 'd623b6cc-cf45-4741-b621-f97d180e898a', 'A', '2026-04-06 13:11:24'),
(200, 194, 167, '2026-04-06', 'd623b6cc-cf45-4741-b621-f97d180e898a', 'P', '2026-04-06 13:11:43'),
(201, 195, 167, '2026-04-06', 'd623b6cc-cf45-4741-b621-f97d180e898a', 'P', '2026-04-06 13:11:49'),
(202, 196, 167, '2026-04-06', 'd623b6cc-cf45-4741-b621-f97d180e898a', 'P', '2026-04-06 13:11:52'),
(203, 197, 167, '2026-04-06', 'd623b6cc-cf45-4741-b621-f97d180e898a', 'A', '2026-04-06 13:11:59'),
(204, 198, 167, '2026-04-06', 'd623b6cc-cf45-4741-b621-f97d180e898a', 'P', '2026-04-06 13:12:02'),
(205, 199, 167, '2026-04-06', 'd623b6cc-cf45-4741-b621-f97d180e898a', 'P', '2026-04-06 13:12:07'),
(206, 200, 167, '2026-04-06', 'd623b6cc-cf45-4741-b621-f97d180e898a', 'P', '2026-04-06 13:12:11'),
(207, 201, 167, '2026-04-06', 'd623b6cc-cf45-4741-b621-f97d180e898a', 'P', '2026-04-06 13:12:13'),
(208, 202, 167, '2026-04-06', 'd623b6cc-cf45-4741-b621-f97d180e898a', 'P', '2026-04-06 13:12:17'),
(209, 203, 167, '2026-04-06', 'd623b6cc-cf45-4741-b621-f97d180e898a', 'P', '2026-04-06 13:12:20'),
(210, 204, 167, '2026-04-06', 'd623b6cc-cf45-4741-b621-f97d180e898a', 'P', '2026-04-06 13:12:24'),
(211, 205, 167, '2026-04-06', 'd623b6cc-cf45-4741-b621-f97d180e898a', 'A', '2026-04-06 13:12:29'),
(212, 206, 167, '2026-04-06', 'd623b6cc-cf45-4741-b621-f97d180e898a', 'P', '2026-04-06 13:12:32'),
(213, 207, 167, '2026-04-06', 'd623b6cc-cf45-4741-b621-f97d180e898a', 'P', '2026-04-06 13:12:35'),
(214, 208, 167, '2026-04-06', 'd623b6cc-cf45-4741-b621-f97d180e898a', 'P', '2026-04-06 13:12:39'),
(215, 209, 167, '2026-04-06', 'd623b6cc-cf45-4741-b621-f97d180e898a', 'A', '2026-04-06 13:12:43'),
(216, 210, 167, '2026-04-06', 'd623b6cc-cf45-4741-b621-f97d180e898a', 'P', '2026-04-06 13:12:46'),
(217, 211, 167, '2026-04-06', 'd623b6cc-cf45-4741-b621-f97d180e898a', 'P', '2026-04-06 13:12:51'),
(218, 212, 167, '2026-04-06', 'd623b6cc-cf45-4741-b621-f97d180e898a', 'P', '2026-04-06 13:12:54'),
(219, 213, 167, '2026-04-06', 'd623b6cc-cf45-4741-b621-f97d180e898a', 'A', '2026-04-06 13:13:00'),
(220, 214, 167, '2026-04-06', 'd623b6cc-cf45-4741-b621-f97d180e898a', 'P', '2026-04-06 13:13:04'),
(221, 215, 167, '2026-04-06', 'd623b6cc-cf45-4741-b621-f97d180e898a', 'A', '2026-04-06 13:13:06'),
(222, 216, 167, '2026-04-06', 'd623b6cc-cf45-4741-b621-f97d180e898a', 'A', '2026-04-06 13:13:10'),
(223, 217, 167, '2026-04-06', 'd623b6cc-cf45-4741-b621-f97d180e898a', 'P', '2026-04-06 13:13:14'),
(224, 218, 167, '2026-04-06', 'd623b6cc-cf45-4741-b621-f97d180e898a', 'P', '2026-04-06 13:13:17'),
(225, 70, 163, '2026-04-07', 'd1e752f0-525a-4e30-bad6-e53ef6e44fdc', 'P', '2026-04-07 14:10:29'),
(226, 71, 163, '2026-04-07', 'd1e752f0-525a-4e30-bad6-e53ef6e44fdc', 'A', '2026-04-07 14:10:34'),
(227, 72, 163, '2026-04-07', 'd1e752f0-525a-4e30-bad6-e53ef6e44fdc', 'P', '2026-04-07 14:10:37'),
(228, 73, 163, '2026-04-07', 'd1e752f0-525a-4e30-bad6-e53ef6e44fdc', 'P', '2026-04-07 14:10:46'),
(229, 74, 163, '2026-04-07', 'd1e752f0-525a-4e30-bad6-e53ef6e44fdc', 'P', '2026-04-07 14:10:48'),
(230, 75, 163, '2026-04-07', 'd1e752f0-525a-4e30-bad6-e53ef6e44fdc', 'P', '2026-04-07 14:10:50'),
(231, 76, 163, '2026-04-07', 'd1e752f0-525a-4e30-bad6-e53ef6e44fdc', 'P', '2026-04-07 14:10:53'),
(232, 77, 163, '2026-04-07', 'd1e752f0-525a-4e30-bad6-e53ef6e44fdc', 'P', '2026-04-07 14:10:56'),
(233, 78, 163, '2026-04-07', 'd1e752f0-525a-4e30-bad6-e53ef6e44fdc', 'P', '2026-04-07 14:10:58'),
(234, 79, 163, '2026-04-07', 'd1e752f0-525a-4e30-bad6-e53ef6e44fdc', 'P', '2026-04-07 14:11:02'),
(235, 80, 163, '2026-04-07', 'd1e752f0-525a-4e30-bad6-e53ef6e44fdc', 'P', '2026-04-07 14:11:05'),
(236, 81, 163, '2026-04-07', 'd1e752f0-525a-4e30-bad6-e53ef6e44fdc', 'A', '2026-04-07 14:11:10'),
(237, 82, 163, '2026-04-07', 'd1e752f0-525a-4e30-bad6-e53ef6e44fdc', 'P', '2026-04-07 14:11:12'),
(238, 83, 163, '2026-04-07', 'd1e752f0-525a-4e30-bad6-e53ef6e44fdc', 'P', '2026-04-07 14:11:15'),
(239, 84, 163, '2026-04-07', 'd1e752f0-525a-4e30-bad6-e53ef6e44fdc', 'P', '2026-04-07 14:11:17'),
(240, 85, 163, '2026-04-07', 'd1e752f0-525a-4e30-bad6-e53ef6e44fdc', 'P', '2026-04-07 14:11:20'),
(241, 86, 163, '2026-04-07', 'd1e752f0-525a-4e30-bad6-e53ef6e44fdc', 'P', '2026-04-07 14:11:22'),
(242, 87, 163, '2026-04-07', 'd1e752f0-525a-4e30-bad6-e53ef6e44fdc', 'A', '2026-04-07 14:11:26'),
(243, 88, 163, '2026-04-07', 'd1e752f0-525a-4e30-bad6-e53ef6e44fdc', 'P', '2026-04-07 14:11:29'),
(244, 89, 163, '2026-04-07', 'd1e752f0-525a-4e30-bad6-e53ef6e44fdc', 'A', '2026-04-07 14:11:34'),
(245, 90, 163, '2026-04-07', 'd1e752f0-525a-4e30-bad6-e53ef6e44fdc', 'P', '2026-04-07 14:11:36'),
(246, 91, 163, '2026-04-07', 'd1e752f0-525a-4e30-bad6-e53ef6e44fdc', 'P', '2026-04-07 14:11:38'),
(247, 92, 163, '2026-04-07', 'd1e752f0-525a-4e30-bad6-e53ef6e44fdc', 'P', '2026-04-07 14:11:41'),
(248, 93, 163, '2026-04-07', 'd1e752f0-525a-4e30-bad6-e53ef6e44fdc', 'P', '2026-04-07 14:11:43'),
(249, 94, 163, '2026-04-07', 'd1e752f0-525a-4e30-bad6-e53ef6e44fdc', 'P', '2026-04-07 14:11:46'),
(250, 95, 163, '2026-04-07', 'd1e752f0-525a-4e30-bad6-e53ef6e44fdc', 'P', '2026-04-07 14:11:49'),
(251, 96, 163, '2026-04-07', 'd1e752f0-525a-4e30-bad6-e53ef6e44fdc', 'P', '2026-04-07 14:11:53'),
(252, 97, 163, '2026-04-07', 'd1e752f0-525a-4e30-bad6-e53ef6e44fdc', 'P', '2026-04-07 14:11:57'),
(253, 98, 163, '2026-04-07', 'd1e752f0-525a-4e30-bad6-e53ef6e44fdc', 'P', '2026-04-07 14:12:01'),
(254, 96, 163, '2026-03-31', '988aa75f-11c4-4e1a-9781-5d32b4d9a8a8', 'A', '2026-04-07 14:14:26'),
(255, 70, 163, '2026-03-31', '988aa75f-11c4-4e1a-9781-5d32b4d9a8a8', 'P', '2026-04-07 14:14:30'),
(256, 71, 163, '2026-03-31', '988aa75f-11c4-4e1a-9781-5d32b4d9a8a8', 'P', '2026-04-07 14:14:30'),
(257, 72, 163, '2026-03-31', '988aa75f-11c4-4e1a-9781-5d32b4d9a8a8', 'P', '2026-04-07 14:14:30'),
(258, 73, 163, '2026-03-31', '988aa75f-11c4-4e1a-9781-5d32b4d9a8a8', 'P', '2026-04-07 14:14:31'),
(259, 74, 163, '2026-03-31', '988aa75f-11c4-4e1a-9781-5d32b4d9a8a8', 'P', '2026-04-07 14:14:31'),
(260, 75, 163, '2026-03-31', '988aa75f-11c4-4e1a-9781-5d32b4d9a8a8', 'P', '2026-04-07 14:14:31'),
(261, 76, 163, '2026-03-31', '988aa75f-11c4-4e1a-9781-5d32b4d9a8a8', 'P', '2026-04-07 14:14:31'),
(262, 77, 163, '2026-03-31', '988aa75f-11c4-4e1a-9781-5d32b4d9a8a8', 'P', '2026-04-07 14:14:32'),
(263, 78, 163, '2026-03-31', '988aa75f-11c4-4e1a-9781-5d32b4d9a8a8', 'P', '2026-04-07 14:14:32'),
(264, 79, 163, '2026-03-31', '988aa75f-11c4-4e1a-9781-5d32b4d9a8a8', 'P', '2026-04-07 14:14:32'),
(265, 80, 163, '2026-03-31', '988aa75f-11c4-4e1a-9781-5d32b4d9a8a8', 'P', '2026-04-07 14:14:32'),
(266, 81, 163, '2026-03-31', '988aa75f-11c4-4e1a-9781-5d32b4d9a8a8', 'P', '2026-04-07 14:14:33'),
(267, 82, 163, '2026-03-31', '988aa75f-11c4-4e1a-9781-5d32b4d9a8a8', 'P', '2026-04-07 14:14:33'),
(268, 83, 163, '2026-03-31', '988aa75f-11c4-4e1a-9781-5d32b4d9a8a8', 'P', '2026-04-07 14:14:33'),
(269, 84, 163, '2026-03-31', '988aa75f-11c4-4e1a-9781-5d32b4d9a8a8', 'P', '2026-04-07 14:14:36'),
(270, 85, 163, '2026-03-31', '988aa75f-11c4-4e1a-9781-5d32b4d9a8a8', 'P', '2026-04-07 14:14:37'),
(271, 86, 163, '2026-03-31', '988aa75f-11c4-4e1a-9781-5d32b4d9a8a8', 'P', '2026-04-07 14:14:37'),
(272, 87, 163, '2026-03-31', '988aa75f-11c4-4e1a-9781-5d32b4d9a8a8', 'P', '2026-04-07 14:14:37'),
(273, 88, 163, '2026-03-31', '988aa75f-11c4-4e1a-9781-5d32b4d9a8a8', 'P', '2026-04-07 14:14:37'),
(274, 89, 163, '2026-03-31', '988aa75f-11c4-4e1a-9781-5d32b4d9a8a8', 'P', '2026-04-07 14:14:37'),
(275, 90, 163, '2026-03-31', '988aa75f-11c4-4e1a-9781-5d32b4d9a8a8', 'P', '2026-04-07 14:14:38'),
(276, 91, 163, '2026-03-31', '988aa75f-11c4-4e1a-9781-5d32b4d9a8a8', 'P', '2026-04-07 14:14:38'),
(277, 92, 163, '2026-03-31', '988aa75f-11c4-4e1a-9781-5d32b4d9a8a8', 'P', '2026-04-07 14:14:38'),
(278, 93, 163, '2026-03-31', '988aa75f-11c4-4e1a-9781-5d32b4d9a8a8', 'P', '2026-04-07 14:14:38'),
(279, 94, 163, '2026-03-31', '988aa75f-11c4-4e1a-9781-5d32b4d9a8a8', 'P', '2026-04-07 14:14:39'),
(280, 95, 163, '2026-03-31', '988aa75f-11c4-4e1a-9781-5d32b4d9a8a8', 'P', '2026-04-07 14:14:39'),
(281, 97, 163, '2026-03-31', '988aa75f-11c4-4e1a-9781-5d32b4d9a8a8', 'P', '2026-04-07 14:14:40'),
(282, 98, 163, '2026-03-31', '988aa75f-11c4-4e1a-9781-5d32b4d9a8a8', 'P', '2026-04-07 14:14:40'),
(283, 354, 276, '2026-04-08', '4316073b-849a-4b7a-8b5f-a09ad967aa42', 'A', '2026-04-08 13:09:00'),
(284, 357, 276, '2026-04-08', '4316073b-849a-4b7a-8b5f-a09ad967aa42', 'A', '2026-04-08 13:09:03'),
(285, 365, 276, '2026-04-08', '4316073b-849a-4b7a-8b5f-a09ad967aa42', 'A', '2026-04-08 13:09:07'),
(286, 351, 276, '2026-04-08', '4316073b-849a-4b7a-8b5f-a09ad967aa42', 'P', '2026-04-08 13:09:14'),
(287, 352, 276, '2026-04-08', '4316073b-849a-4b7a-8b5f-a09ad967aa42', 'P', '2026-04-08 13:09:16'),
(288, 353, 276, '2026-04-08', '4316073b-849a-4b7a-8b5f-a09ad967aa42', 'P', '2026-04-08 13:09:16'),
(289, 355, 276, '2026-04-08', '4316073b-849a-4b7a-8b5f-a09ad967aa42', 'P', '2026-04-08 13:09:17'),
(290, 356, 276, '2026-04-08', '4316073b-849a-4b7a-8b5f-a09ad967aa42', 'P', '2026-04-08 13:09:17'),
(291, 358, 276, '2026-04-08', '4316073b-849a-4b7a-8b5f-a09ad967aa42', 'P', '2026-04-08 13:09:18'),
(292, 359, 276, '2026-04-08', '4316073b-849a-4b7a-8b5f-a09ad967aa42', 'P', '2026-04-08 13:09:18'),
(293, 360, 276, '2026-04-08', '4316073b-849a-4b7a-8b5f-a09ad967aa42', 'P', '2026-04-08 13:09:19'),
(294, 361, 276, '2026-04-08', '4316073b-849a-4b7a-8b5f-a09ad967aa42', 'P', '2026-04-08 13:09:19'),
(295, 362, 276, '2026-04-08', '4316073b-849a-4b7a-8b5f-a09ad967aa42', 'P', '2026-04-08 13:09:19'),
(296, 363, 276, '2026-04-08', '4316073b-849a-4b7a-8b5f-a09ad967aa42', 'P', '2026-04-08 13:09:19'),
(297, 364, 276, '2026-04-08', '4316073b-849a-4b7a-8b5f-a09ad967aa42', 'P', '2026-04-08 13:09:20'),
(298, 366, 276, '2026-04-08', '4316073b-849a-4b7a-8b5f-a09ad967aa42', 'P', '2026-04-08 13:09:21'),
(299, 367, 276, '2026-04-08', '4316073b-849a-4b7a-8b5f-a09ad967aa42', 'P', '2026-04-08 13:09:21'),
(300, 368, 276, '2026-04-08', '4316073b-849a-4b7a-8b5f-a09ad967aa42', 'P', '2026-04-08 13:09:21'),
(301, 369, 276, '2026-04-08', '4316073b-849a-4b7a-8b5f-a09ad967aa42', 'P', '2026-04-08 13:09:22'),
(302, 370, 276, '2026-04-08', '4316073b-849a-4b7a-8b5f-a09ad967aa42', 'P', '2026-04-08 13:09:22'),
(303, 371, 276, '2026-04-08', '4316073b-849a-4b7a-8b5f-a09ad967aa42', 'P', '2026-04-08 13:09:22'),
(304, 372, 276, '2026-04-08', '4316073b-849a-4b7a-8b5f-a09ad967aa42', 'P', '2026-04-08 13:09:22'),
(305, 373, 276, '2026-04-08', '4316073b-849a-4b7a-8b5f-a09ad967aa42', 'P', '2026-04-08 13:09:23'),
(306, 374, 276, '2026-04-08', '4316073b-849a-4b7a-8b5f-a09ad967aa42', 'P', '2026-04-08 13:09:23'),
(307, 375, 276, '2026-04-08', '4316073b-849a-4b7a-8b5f-a09ad967aa42', 'P', '2026-04-08 13:09:23'),
(308, 376, 276, '2026-04-08', '4316073b-849a-4b7a-8b5f-a09ad967aa42', 'P', '2026-04-08 13:09:23'),
(309, 377, 276, '2026-04-08', '4316073b-849a-4b7a-8b5f-a09ad967aa42', 'P', '2026-04-08 13:09:24'),
(310, 378, 276, '2026-04-08', '4316073b-849a-4b7a-8b5f-a09ad967aa42', 'P', '2026-04-08 13:09:24'),
(311, 29, 161, '2026-04-08', '2825d3f4-30c4-4cbb-8c85-d74a32f5abfd', 'A', '2026-04-08 15:27:52'),
(312, 30, 161, '2026-04-08', '2825d3f4-30c4-4cbb-8c85-d74a32f5abfd', 'A', '2026-04-08 15:27:56'),
(313, 1, 161, '2026-04-08', '2825d3f4-30c4-4cbb-8c85-d74a32f5abfd', 'P', '2026-04-08 15:28:59'),
(314, 2, 161, '2026-04-08', '2825d3f4-30c4-4cbb-8c85-d74a32f5abfd', 'P', '2026-04-08 15:29:01'),
(315, 3, 161, '2026-04-08', '2825d3f4-30c4-4cbb-8c85-d74a32f5abfd', 'P', '2026-04-08 15:29:01'),
(316, 4, 161, '2026-04-08', '2825d3f4-30c4-4cbb-8c85-d74a32f5abfd', 'P', '2026-04-08 15:29:01'),
(317, 5, 161, '2026-04-08', '2825d3f4-30c4-4cbb-8c85-d74a32f5abfd', 'P', '2026-04-08 15:29:01'),
(318, 6, 161, '2026-04-08', '2825d3f4-30c4-4cbb-8c85-d74a32f5abfd', 'P', '2026-04-08 15:29:02'),
(319, 7, 161, '2026-04-08', '2825d3f4-30c4-4cbb-8c85-d74a32f5abfd', 'P', '2026-04-08 15:29:02'),
(320, 8, 161, '2026-04-08', '2825d3f4-30c4-4cbb-8c85-d74a32f5abfd', 'P', '2026-04-08 15:29:02'),
(321, 9, 161, '2026-04-08', '2825d3f4-30c4-4cbb-8c85-d74a32f5abfd', 'P', '2026-04-08 15:29:02'),
(322, 10, 161, '2026-04-08', '2825d3f4-30c4-4cbb-8c85-d74a32f5abfd', 'P', '2026-04-08 15:29:03'),
(323, 11, 161, '2026-04-08', '2825d3f4-30c4-4cbb-8c85-d74a32f5abfd', 'P', '2026-04-08 15:29:03'),
(324, 12, 161, '2026-04-08', '2825d3f4-30c4-4cbb-8c85-d74a32f5abfd', 'P', '2026-04-08 15:29:03'),
(325, 13, 161, '2026-04-08', '2825d3f4-30c4-4cbb-8c85-d74a32f5abfd', 'P', '2026-04-08 15:29:03'),
(326, 14, 161, '2026-04-08', '2825d3f4-30c4-4cbb-8c85-d74a32f5abfd', 'P', '2026-04-08 15:29:04'),
(327, 15, 161, '2026-04-08', '2825d3f4-30c4-4cbb-8c85-d74a32f5abfd', 'P', '2026-04-08 15:29:04'),
(328, 16, 161, '2026-04-08', '2825d3f4-30c4-4cbb-8c85-d74a32f5abfd', 'P', '2026-04-08 15:29:04'),
(329, 17, 161, '2026-04-08', '2825d3f4-30c4-4cbb-8c85-d74a32f5abfd', 'P', '2026-04-08 15:29:04'),
(330, 18, 161, '2026-04-08', '2825d3f4-30c4-4cbb-8c85-d74a32f5abfd', 'P', '2026-04-08 15:29:08'),
(331, 19, 161, '2026-04-08', '2825d3f4-30c4-4cbb-8c85-d74a32f5abfd', 'P', '2026-04-08 15:29:08'),
(332, 20, 161, '2026-04-08', '2825d3f4-30c4-4cbb-8c85-d74a32f5abfd', 'P', '2026-04-08 15:29:09'),
(333, 21, 161, '2026-04-08', '2825d3f4-30c4-4cbb-8c85-d74a32f5abfd', 'P', '2026-04-08 15:29:09'),
(334, 22, 161, '2026-04-08', '2825d3f4-30c4-4cbb-8c85-d74a32f5abfd', 'P', '2026-04-08 15:29:09'),
(335, 23, 161, '2026-04-08', '2825d3f4-30c4-4cbb-8c85-d74a32f5abfd', 'A', '2026-04-08 15:29:09'),
(337, 24, 161, '2026-04-08', '2825d3f4-30c4-4cbb-8c85-d74a32f5abfd', 'P', '2026-04-08 15:29:13'),
(338, 25, 161, '2026-04-08', '2825d3f4-30c4-4cbb-8c85-d74a32f5abfd', 'P', '2026-04-08 15:29:13'),
(339, 26, 161, '2026-04-08', '2825d3f4-30c4-4cbb-8c85-d74a32f5abfd', 'P', '2026-04-08 15:29:14'),
(340, 27, 161, '2026-04-08', '2825d3f4-30c4-4cbb-8c85-d74a32f5abfd', 'P', '2026-04-08 15:29:14'),
(341, 28, 161, '2026-04-08', '2825d3f4-30c4-4cbb-8c85-d74a32f5abfd', 'P', '2026-04-08 15:29:14'),
(342, 31, 161, '2026-04-08', '2825d3f4-30c4-4cbb-8c85-d74a32f5abfd', 'P', '2026-04-08 15:29:16'),
(343, 32, 161, '2026-04-08', '2825d3f4-30c4-4cbb-8c85-d74a32f5abfd', 'P', '2026-04-08 15:29:17'),
(344, 33, 161, '2026-04-08', '2825d3f4-30c4-4cbb-8c85-d74a32f5abfd', 'P', '2026-04-08 15:29:17'),
(345, 34, 161, '2026-04-08', '2825d3f4-30c4-4cbb-8c85-d74a32f5abfd', 'P', '2026-04-08 15:29:17'),
(346, 35, 161, '2026-04-08', '2825d3f4-30c4-4cbb-8c85-d74a32f5abfd', 'P', '2026-04-08 15:29:18'),
(347, 36, 161, '2026-04-08', '2825d3f4-30c4-4cbb-8c85-d74a32f5abfd', 'P', '2026-04-08 15:29:18'),
(348, 37, 162, '2026-04-13', '727e6de7-7508-419e-9f0f-376d97fda546', 'P', '2026-04-13 09:49:17'),
(349, 38, 162, '2026-04-13', '727e6de7-7508-419e-9f0f-376d97fda546', 'P', '2026-04-13 09:49:19'),
(350, 39, 162, '2026-04-13', '727e6de7-7508-419e-9f0f-376d97fda546', 'P', '2026-04-13 09:49:19'),
(351, 40, 162, '2026-04-13', '727e6de7-7508-419e-9f0f-376d97fda546', 'P', '2026-04-13 09:49:19'),
(352, 41, 162, '2026-04-13', '727e6de7-7508-419e-9f0f-376d97fda546', 'P', '2026-04-13 09:49:20'),
(353, 42, 162, '2026-04-13', '727e6de7-7508-419e-9f0f-376d97fda546', 'P', '2026-04-13 09:49:20'),
(354, 43, 162, '2026-04-13', '727e6de7-7508-419e-9f0f-376d97fda546', 'P', '2026-04-13 09:49:20'),
(355, 44, 162, '2026-04-13', '727e6de7-7508-419e-9f0f-376d97fda546', 'P', '2026-04-13 09:49:20'),
(356, 45, 162, '2026-04-13', '727e6de7-7508-419e-9f0f-376d97fda546', 'P', '2026-04-13 09:49:21'),
(357, 46, 162, '2026-04-13', '727e6de7-7508-419e-9f0f-376d97fda546', 'P', '2026-04-13 09:49:21'),
(358, 47, 162, '2026-04-13', '727e6de7-7508-419e-9f0f-376d97fda546', 'P', '2026-04-13 09:49:21'),
(359, 48, 162, '2026-04-13', '727e6de7-7508-419e-9f0f-376d97fda546', 'P', '2026-04-13 09:49:21'),
(360, 49, 162, '2026-04-13', '727e6de7-7508-419e-9f0f-376d97fda546', 'P', '2026-04-13 09:49:22'),
(361, 50, 162, '2026-04-13', '727e6de7-7508-419e-9f0f-376d97fda546', 'P', '2026-04-13 09:49:22'),
(362, 51, 162, '2026-04-13', '727e6de7-7508-419e-9f0f-376d97fda546', 'P', '2026-04-13 09:49:22'),
(363, 52, 162, '2026-04-13', '727e6de7-7508-419e-9f0f-376d97fda546', 'A', '2026-04-13 09:49:23'),
(364, 53, 162, '2026-04-13', '727e6de7-7508-419e-9f0f-376d97fda546', 'P', '2026-04-13 09:49:24'),
(365, 54, 162, '2026-04-13', '727e6de7-7508-419e-9f0f-376d97fda546', 'P', '2026-04-13 09:49:25'),
(366, 55, 162, '2026-04-13', '727e6de7-7508-419e-9f0f-376d97fda546', 'P', '2026-04-13 09:49:25'),
(367, 56, 162, '2026-04-13', '727e6de7-7508-419e-9f0f-376d97fda546', 'P', '2026-04-13 09:49:25'),
(368, 57, 162, '2026-04-13', '727e6de7-7508-419e-9f0f-376d97fda546', 'P', '2026-04-13 09:49:25'),
(369, 58, 162, '2026-04-13', '727e6de7-7508-419e-9f0f-376d97fda546', 'P', '2026-04-13 09:49:25'),
(370, 59, 162, '2026-04-13', '727e6de7-7508-419e-9f0f-376d97fda546', 'P', '2026-04-13 09:49:26'),
(371, 60, 162, '2026-04-13', '727e6de7-7508-419e-9f0f-376d97fda546', 'P', '2026-04-13 09:49:26'),
(372, 61, 162, '2026-04-13', '727e6de7-7508-419e-9f0f-376d97fda546', 'P', '2026-04-13 09:49:26'),
(373, 62, 162, '2026-04-13', '727e6de7-7508-419e-9f0f-376d97fda546', 'P', '2026-04-13 09:49:26'),
(374, 63, 162, '2026-04-13', '727e6de7-7508-419e-9f0f-376d97fda546', 'P', '2026-04-13 09:49:27'),
(375, 64, 162, '2026-04-13', '727e6de7-7508-419e-9f0f-376d97fda546', 'P', '2026-04-13 09:49:27'),
(376, 65, 162, '2026-04-13', '727e6de7-7508-419e-9f0f-376d97fda546', 'P', '2026-04-13 09:49:27'),
(377, 66, 162, '2026-04-13', '727e6de7-7508-419e-9f0f-376d97fda546', 'P', '2026-04-13 09:49:27'),
(378, 67, 162, '2026-04-13', '727e6de7-7508-419e-9f0f-376d97fda546', 'P', '2026-04-13 09:49:28'),
(379, 68, 162, '2026-04-13', '727e6de7-7508-419e-9f0f-376d97fda546', 'P', '2026-04-13 09:49:28'),
(380, 69, 162, '2026-04-13', '727e6de7-7508-419e-9f0f-376d97fda546', 'P', '2026-04-13 09:49:28'),
(384, 37, 162, '2026-03-30', '27fc03cc-523c-44e7-9166-199b9e06e22c', 'P', '2026-04-13 09:49:52'),
(385, 38, 162, '2026-03-30', '27fc03cc-523c-44e7-9166-199b9e06e22c', 'P', '2026-04-13 09:49:53'),
(386, 39, 162, '2026-03-30', '27fc03cc-523c-44e7-9166-199b9e06e22c', 'A', '2026-04-13 09:49:53'),
(387, 40, 162, '2026-03-30', '27fc03cc-523c-44e7-9166-199b9e06e22c', 'P', '2026-04-13 09:49:56'),
(390, 41, 162, '2026-03-30', '27fc03cc-523c-44e7-9166-199b9e06e22c', 'P', '2026-04-13 09:50:14'),
(391, 42, 162, '2026-03-30', '27fc03cc-523c-44e7-9166-199b9e06e22c', 'A', '2026-04-13 09:50:15'),
(392, 43, 162, '2026-03-30', '27fc03cc-523c-44e7-9166-199b9e06e22c', 'P', '2026-04-13 09:50:28'),
(393, 44, 162, '2026-03-30', '27fc03cc-523c-44e7-9166-199b9e06e22c', 'P', '2026-04-13 09:50:28'),
(394, 45, 162, '2026-03-30', '27fc03cc-523c-44e7-9166-199b9e06e22c', 'P', '2026-04-13 09:50:29'),
(395, 46, 162, '2026-03-30', '27fc03cc-523c-44e7-9166-199b9e06e22c', 'P', '2026-04-13 09:50:29'),
(396, 47, 162, '2026-03-30', '27fc03cc-523c-44e7-9166-199b9e06e22c', 'P', '2026-04-13 09:50:29'),
(397, 48, 162, '2026-03-30', '27fc03cc-523c-44e7-9166-199b9e06e22c', 'P', '2026-04-13 09:50:29'),
(398, 49, 162, '2026-03-30', '27fc03cc-523c-44e7-9166-199b9e06e22c', 'P', '2026-04-13 09:50:30'),
(399, 50, 162, '2026-03-30', '27fc03cc-523c-44e7-9166-199b9e06e22c', 'P', '2026-04-13 09:50:30'),
(400, 51, 162, '2026-03-30', '27fc03cc-523c-44e7-9166-199b9e06e22c', 'P', '2026-04-13 09:50:30'),
(401, 52, 162, '2026-03-30', '27fc03cc-523c-44e7-9166-199b9e06e22c', 'P', '2026-04-13 09:50:30'),
(402, 53, 162, '2026-03-30', '27fc03cc-523c-44e7-9166-199b9e06e22c', 'P', '2026-04-13 09:50:31'),
(403, 54, 162, '2026-03-30', '27fc03cc-523c-44e7-9166-199b9e06e22c', 'P', '2026-04-13 09:50:31'),
(404, 55, 162, '2026-03-30', '27fc03cc-523c-44e7-9166-199b9e06e22c', 'P', '2026-04-13 09:50:31'),
(405, 56, 162, '2026-03-30', '27fc03cc-523c-44e7-9166-199b9e06e22c', 'P', '2026-04-13 09:50:31'),
(406, 57, 162, '2026-03-30', '27fc03cc-523c-44e7-9166-199b9e06e22c', 'P', '2026-04-13 09:50:32'),
(407, 58, 162, '2026-03-30', '27fc03cc-523c-44e7-9166-199b9e06e22c', 'P', '2026-04-13 09:50:32'),
(408, 59, 162, '2026-03-30', '27fc03cc-523c-44e7-9166-199b9e06e22c', 'A', '2026-04-13 09:50:33'),
(409, 60, 162, '2026-03-30', '27fc03cc-523c-44e7-9166-199b9e06e22c', 'P', '2026-04-13 09:50:33'),
(410, 61, 162, '2026-03-30', '27fc03cc-523c-44e7-9166-199b9e06e22c', 'P', '2026-04-13 09:50:34'),
(411, 62, 162, '2026-03-30', '27fc03cc-523c-44e7-9166-199b9e06e22c', 'P', '2026-04-13 09:50:34'),
(412, 63, 162, '2026-03-30', '27fc03cc-523c-44e7-9166-199b9e06e22c', 'A', '2026-04-13 09:50:36'),
(413, 64, 162, '2026-03-30', '27fc03cc-523c-44e7-9166-199b9e06e22c', 'A', '2026-04-13 09:50:36'),
(415, 65, 162, '2026-03-30', '27fc03cc-523c-44e7-9166-199b9e06e22c', 'P', '2026-04-13 09:50:56'),
(416, 66, 162, '2026-03-30', '27fc03cc-523c-44e7-9166-199b9e06e22c', 'P', '2026-04-13 09:50:56'),
(417, 67, 162, '2026-03-30', '27fc03cc-523c-44e7-9166-199b9e06e22c', 'P', '2026-04-13 09:50:57'),
(418, 68, 162, '2026-03-30', '27fc03cc-523c-44e7-9166-199b9e06e22c', 'P', '2026-04-13 09:50:57'),
(419, 69, 162, '2026-03-30', '27fc03cc-523c-44e7-9166-199b9e06e22c', 'P', '2026-04-13 09:50:57'),
(420, 37, 162, '2026-03-16', '0e3fad58-faa5-4870-abcf-007e68f35177', 'P', '2026-04-13 09:51:54'),
(421, 38, 162, '2026-03-16', '0e3fad58-faa5-4870-abcf-007e68f35177', 'P', '2026-04-13 09:51:55'),
(422, 39, 162, '2026-03-16', '0e3fad58-faa5-4870-abcf-007e68f35177', 'P', '2026-04-13 09:51:55'),
(423, 40, 162, '2026-03-16', '0e3fad58-faa5-4870-abcf-007e68f35177', 'P', '2026-04-13 09:51:55'),
(424, 41, 162, '2026-03-16', '0e3fad58-faa5-4870-abcf-007e68f35177', 'P', '2026-04-13 09:51:55'),
(425, 42, 162, '2026-03-16', '0e3fad58-faa5-4870-abcf-007e68f35177', 'P', '2026-04-13 09:51:55'),
(426, 43, 162, '2026-03-16', '0e3fad58-faa5-4870-abcf-007e68f35177', 'P', '2026-04-13 09:51:56'),
(427, 44, 162, '2026-03-16', '0e3fad58-faa5-4870-abcf-007e68f35177', 'P', '2026-04-13 09:51:56'),
(428, 45, 162, '2026-03-16', '0e3fad58-faa5-4870-abcf-007e68f35177', 'P', '2026-04-13 09:51:56'),
(429, 46, 162, '2026-03-16', '0e3fad58-faa5-4870-abcf-007e68f35177', 'P', '2026-04-13 09:51:56'),
(430, 47, 162, '2026-03-16', '0e3fad58-faa5-4870-abcf-007e68f35177', 'P', '2026-04-13 09:51:57'),
(431, 48, 162, '2026-03-16', '0e3fad58-faa5-4870-abcf-007e68f35177', 'P', '2026-04-13 09:51:57'),
(432, 49, 162, '2026-03-16', '0e3fad58-faa5-4870-abcf-007e68f35177', 'P', '2026-04-13 09:51:57'),
(433, 50, 162, '2026-03-16', '0e3fad58-faa5-4870-abcf-007e68f35177', 'P', '2026-04-13 09:51:57'),
(434, 51, 162, '2026-03-16', '0e3fad58-faa5-4870-abcf-007e68f35177', 'P', '2026-04-13 09:51:57'),
(435, 52, 162, '2026-03-16', '0e3fad58-faa5-4870-abcf-007e68f35177', 'P', '2026-04-13 09:51:58'),
(436, 53, 162, '2026-03-16', '0e3fad58-faa5-4870-abcf-007e68f35177', 'P', '2026-04-13 09:51:58'),
(437, 54, 162, '2026-03-16', '0e3fad58-faa5-4870-abcf-007e68f35177', 'P', '2026-04-13 09:51:58'),
(438, 55, 162, '2026-03-16', '0e3fad58-faa5-4870-abcf-007e68f35177', 'P', '2026-04-13 09:51:58'),
(439, 56, 162, '2026-03-16', '0e3fad58-faa5-4870-abcf-007e68f35177', 'A', '2026-04-13 09:51:58'),
(440, 57, 162, '2026-03-16', '0e3fad58-faa5-4870-abcf-007e68f35177', 'A', '2026-04-13 09:51:59'),
(443, 58, 162, '2026-03-16', '0e3fad58-faa5-4870-abcf-007e68f35177', 'P', '2026-04-13 09:52:22'),
(444, 59, 162, '2026-03-16', '0e3fad58-faa5-4870-abcf-007e68f35177', 'P', '2026-04-13 09:52:22'),
(445, 60, 162, '2026-03-16', '0e3fad58-faa5-4870-abcf-007e68f35177', 'P', '2026-04-13 09:52:22'),
(446, 61, 162, '2026-03-16', '0e3fad58-faa5-4870-abcf-007e68f35177', 'P', '2026-04-13 09:52:22'),
(447, 62, 162, '2026-03-16', '0e3fad58-faa5-4870-abcf-007e68f35177', 'P', '2026-04-13 09:52:23'),
(448, 63, 162, '2026-03-16', '0e3fad58-faa5-4870-abcf-007e68f35177', 'P', '2026-04-13 09:52:23'),
(449, 64, 162, '2026-03-16', '0e3fad58-faa5-4870-abcf-007e68f35177', 'P', '2026-04-13 09:52:23'),
(450, 65, 162, '2026-03-16', '0e3fad58-faa5-4870-abcf-007e68f35177', 'P', '2026-04-13 09:52:23'),
(451, 66, 162, '2026-03-16', '0e3fad58-faa5-4870-abcf-007e68f35177', 'P', '2026-04-13 09:52:23'),
(452, 67, 162, '2026-03-16', '0e3fad58-faa5-4870-abcf-007e68f35177', 'P', '2026-04-13 09:52:23'),
(453, 68, 162, '2026-03-16', '0e3fad58-faa5-4870-abcf-007e68f35177', 'P', '2026-04-13 09:52:24'),
(454, 69, 162, '2026-03-16', '0e3fad58-faa5-4870-abcf-007e68f35177', 'P', '2026-04-13 09:52:24');

-- --------------------------------------------------------

--
-- Estructura de tabla para la tabla `asistencias_curso`
--

CREATE TABLE `asistencias_curso` (
  `id_alumno` int(11) NOT NULL,
  `id_curso` int(11) NOT NULL,
  `fecha` date NOT NULL,
  `sesion` varchar(64) NOT NULL,
  `estado` enum('P','A') NOT NULL,
  `created_at` timestamp NOT NULL DEFAULT CURRENT_TIMESTAMP
) ENGINE=InnoDB DEFAULT CHARSET=utf8mb4;

-- --------------------------------------------------------

--
-- Estructura de tabla para la tabla `configuraciones`
--

CREATE TABLE `configuraciones` (
  `clave` varchar(100) NOT NULL,
  `valor_date` date NOT NULL,
  `valor` int(3) NOT NULL,
  `actualizado_en` datetime NOT NULL DEFAULT CURRENT_TIMESTAMP ON UPDATE CURRENT_TIMESTAMP,
  `valor_int` int(11) DEFAULT NULL
) ENGINE=InnoDB DEFAULT CHARSET=utf8mb4;

--
-- Volcado de datos para la tabla `configuraciones`
--

INSERT INTO `configuraciones` (`clave`, `valor_date`, `valor`, `actualizado_en`, `valor_int`) VALUES
('ciclo_lectivo', '2025-12-17', 0, '2026-04-06 16:10:11', 2026),
('dias_habiles_q1', '2026-04-06', 0, '2026-04-06 16:10:11', 86),
('dias_habiles_q2', '2026-04-06', 0, '2026-04-06 16:10:11', 93),
('fin_ciclo_lectivo', '2026-12-04', 0, '2026-04-06 16:10:11', NULL),
('inicio_primer_cuatrimestre', '2026-03-02', 0, '2026-04-06 16:10:11', NULL),
('inicio_segundo_cuatrimestre', '2026-08-01', 0, '2026-04-06 16:10:11', NULL),
('porcentaje_asistencia', '2025-10-01', 70, '2026-04-06 16:10:11', NULL);

-- --------------------------------------------------------

--
-- Estructura de tabla para la tabla `cursos`
--

CREATE TABLE `cursos` (
  `id_curso` int(11) NOT NULL,
  `nombre_curso` varchar(10) COLLATE utf8mb4_unicode_ci NOT NULL,
  `id_preceptor` int(11) DEFAULT NULL,
  `asiento_fijo` tinyint(1) DEFAULT '0'
) ENGINE=InnoDB DEFAULT CHARSET=utf8mb4 COLLATE=utf8mb4_unicode_ci;

--
-- Volcado de datos para la tabla `cursos`
--

INSERT INTO `cursos` (`id_curso`, `nombre_curso`, `id_preceptor`, `asiento_fijo`) VALUES
(1, '1A', 1, 0),
(2, '2A', 50, 0),
(3, '3A', 50, 0),
(4, '4A', NULL, 0),
(5, '5A', NULL, 0),
(6, '6A', 13, 0),
(7, '1B', NULL, 0),
(8, '2B', NULL, 0),
(9, '3B', NULL, 0),
(10, '4B', NULL, 0),
(11, '5B', 13, 0),
(12, '6B', 13, 0);

-- --------------------------------------------------------

--
-- Estructura de tabla para la tabla `curso_materia`
--

CREATE TABLE `curso_materia` (
  `id_curso_materia` int(11) NOT NULL,
  `id_curso` int(11) NOT NULL,
  `id_materia` int(11) NOT NULL
) ENGINE=InnoDB DEFAULT CHARSET=utf8mb4 COLLATE=utf8mb4_unicode_ci;

--
-- Volcado de datos para la tabla `curso_materia`
--

INSERT INTO `curso_materia` (`id_curso_materia`, `id_curso`, `id_materia`) VALUES
(101, 1, 1),
(179, 1, 4),
(125, 1, 6),
(161, 1, 9),
(178, 1, 10),
(183, 1, 11),
(182, 1, 16),
(177, 1, 17),
(180, 1, 18),
(103, 2, 1),
(127, 2, 6),
(163, 2, 9),
(192, 2, 10),
(204, 2, 11),
(202, 2, 12),
(139, 2, 17),
(198, 2, 18),
(194, 2, 19),
(196, 2, 20),
(200, 2, 21),
(105, 3, 1),
(129, 3, 6),
(165, 3, 9),
(206, 3, 10),
(218, 3, 11),
(216, 3, 12),
(141, 3, 17),
(212, 3, 18),
(208, 3, 19),
(210, 3, 20),
(214, 3, 21),
(107, 4, 1),
(131, 4, 6),
(167, 4, 9),
(228, 4, 12),
(143, 4, 17),
(222, 4, 19),
(224, 4, 20),
(220, 4, 22),
(226, 4, 23),
(230, 4, 24),
(232, 4, 25),
(234, 4, 26),
(236, 4, 28),
(237, 4, 29),
(109, 5, 1),
(133, 5, 6),
(145, 5, 17),
(241, 5, 19),
(243, 5, 20),
(239, 5, 22),
(277, 5, 26),
(245, 5, 30),
(247, 5, 31),
(249, 5, 32),
(253, 5, 36),
(255, 5, 38),
(256, 5, 39),
(258, 5, 40),
(111, 6, 1),
(135, 6, 6),
(147, 6, 17),
(260, 6, 22),
(268, 6, 35),
(262, 6, 42),
(264, 6, 43),
(266, 6, 44),
(270, 6, 45),
(273, 6, 47),
(275, 6, 48),
(102, 7, 1),
(186, 7, 4),
(126, 7, 6),
(162, 7, 9),
(175, 7, 10),
(184, 7, 11),
(185, 7, 16),
(138, 7, 17),
(181, 7, 18),
(189, 8, 1),
(128, 8, 6),
(190, 8, 9),
(193, 8, 10),
(205, 8, 11),
(203, 8, 12),
(187, 8, 17),
(199, 8, 18),
(195, 8, 19),
(197, 8, 20),
(201, 8, 21),
(106, 9, 1),
(130, 9, 6),
(166, 9, 9),
(207, 9, 10),
(219, 9, 11),
(217, 9, 12),
(142, 9, 17),
(213, 9, 18),
(209, 9, 19),
(211, 9, 20),
(215, 9, 21),
(108, 10, 1),
(132, 10, 6),
(168, 10, 9),
(229, 10, 12),
(144, 10, 17),
(223, 10, 19),
(225, 10, 20),
(221, 10, 22),
(227, 10, 23),
(231, 10, 24),
(233, 10, 25),
(235, 10, 27),
(238, 10, 29),
(110, 11, 1),
(134, 11, 6),
(146, 11, 17),
(242, 11, 19),
(244, 11, 20),
(240, 11, 22),
(246, 11, 30),
(248, 11, 31),
(250, 11, 33),
(252, 11, 35),
(254, 11, 37),
(257, 11, 39),
(259, 11, 41),
(112, 12, 1),
(136, 12, 6),
(148, 12, 17),
(269, 12, 19),
(272, 12, 20),
(261, 12, 22),
(263, 12, 42),
(265, 12, 43),
(267, 12, 44),
(271, 12, 46),
(274, 12, 47),
(276, 12, 48);

-- --------------------------------------------------------

--
-- Estructura de tabla para la tabla `curso_preceptor`
--

CREATE TABLE `curso_preceptor` (
  `id_curso_preceptor` int(11) NOT NULL,
  `id_curso` int(11) NOT NULL,
  `id_preceptor` int(11) NOT NULL
) ENGINE=InnoDB DEFAULT CHARSET=utf8mb4 COLLATE=utf8mb4_unicode_ci;

--
-- Volcado de datos para la tabla `curso_preceptor`
--

INSERT INTO `curso_preceptor` (`id_curso_preceptor`, `id_curso`, `id_preceptor`) VALUES
(51, 1, 1),
(49, 1, 50),
(47, 1, 215),
(52, 2, 1),
(18, 2, 50),
(30, 2, 215),
(19, 3, 50),
(32, 3, 215),
(40, 4, 202),
(34, 4, 215),
(42, 5, 202),
(36, 5, 215),
(21, 6, 13),
(38, 6, 215),
(25, 7, 214),
(29, 7, 215),
(26, 8, 214),
(31, 8, 215),
(54, 9, 1),
(27, 9, 214),
(33, 9, 215),
(41, 10, 202),
(35, 10, 215),
(20, 11, 13),
(37, 11, 215),
(22, 12, 13),
(39, 12, 215);

-- --------------------------------------------------------

--
-- Estructura de tabla para la tabla `docentes`
--

CREATE TABLE `docentes` (
  `id_docente` int(11) NOT NULL,
  `id_usuario` int(11) NOT NULL,
  `telefono` varchar(20) COLLATE utf8mb4_unicode_ci DEFAULT NULL
) ENGINE=InnoDB DEFAULT CHARSET=utf8mb4 COLLATE=utf8mb4_unicode_ci;

--
-- Volcado de datos para la tabla `docentes`
--

INSERT INTO `docentes` (`id_docente`, `id_usuario`, `telefono`) VALUES
(5, 1, ''),
(8, 13, '1585745412'),
(109, 158, '1166166347'),
(110, 159, '1165322232'),
(111, 160, '1161502348'),
(112, 161, '1158577528'),
(113, 162, '1123285965'),
(114, 163, '1169193991'),
(115, 164, '1161528158'),
(116, 165, '1168070853'),
(117, 166, '1166572266'),
(118, 167, ''),
(119, 168, ''),
(120, 169, '1169220424'),
(121, 170, '1158316763'),
(122, 171, '1170082532'),
(123, 172, '1164212701'),
(124, 173, '1155707238'),
(125, 174, '1162428667'),
(126, 175, '1168405621'),
(127, 176, ''),
(128, 177, ''),
(129, 178, '1166313290'),
(130, 179, '1166923374'),
(131, 180, '1157213954'),
(132, 181, '1155123583'),
(133, 182, '1130239802'),
(134, 183, ''),
(135, 184, ''),
(136, 185, '1159907289'),
(137, 186, ''),
(138, 187, ''),
(139, 188, '1140832362'),
(140, 189, '1150289682'),
(141, 190, ''),
(142, 191, '1176217156'),
(143, 192, '1136858007'),
(144, 193, '1168497227'),
(145, 194, '1165292828'),
(146, 195, '1158996059'),
(147, 196, '1165413612'),
(148, 197, ''),
(149, 198, ''),
(150, 199, '1167330982'),
(151, 200, '1156414017'),
(152, 201, '1159724073'),
(154, 203, '1163074051'),
(155, 204, '1157662365'),
(156, 205, '1158520324'),
(157, 206, ''),
(158, 207, '1164870830'),
(159, 208, '1133041742'),
(160, 209, ''),
(161, 210, '1168785386'),
(162, 211, '1136406288'),
(163, 212, '1121571228'),
(164, 213, '1162624862'),
(169, 202, '1154604530');

-- --------------------------------------------------------

--
-- Estructura de tabla para la tabla `docente_materia`
--

CREATE TABLE `docente_materia` (
  `id_docente_materia` int(11) NOT NULL,
  `id_docente` int(11) NOT NULL,
  `id_curso_materia` int(11) NOT NULL
) ENGINE=InnoDB DEFAULT CHARSET=utf8mb4 COLLATE=utf8mb4_unicode_ci;

--
-- Volcado de datos para la tabla `docente_materia`
--

INSERT INTO `docente_materia` (`id_docente_materia`, `id_docente`, `id_curso_materia`) VALUES
(64, 5, 161),
(65, 5, 162),
(66, 5, 163),
(68, 5, 165),
(69, 5, 166),
(76, 5, 167),
(77, 5, 168),
(67, 5, 190),
(86, 5, 211),
(85, 5, 255),
(78, 5, 256),
(79, 5, 257),
(89, 5, 270),
(88, 5, 271),
(80, 5, 275),
(81, 5, 276),
(84, 112, 184),
(87, 133, 261);

-- --------------------------------------------------------

--
-- Estructura de tabla para la tabla `estado`
--

CREATE TABLE `estado` (
  `id_estado` int(11) NOT NULL,
  `nombre_estado` varchar(50) COLLATE utf8mb4_unicode_ci NOT NULL
) ENGINE=InnoDB DEFAULT CHARSET=utf8mb4 COLLATE=utf8mb4_unicode_ci;

--
-- Volcado de datos para la tabla `estado`
--

INSERT INTO `estado` (`id_estado`, `nombre_estado`) VALUES
(1, 'Cursa'),
(2, 'Recursa'),
(3, 'Intensifica'),
(4, 'Adeuda'),
(5, 'Aprobada');

-- --------------------------------------------------------

--
-- Estructura de tabla para la tabla `inasistencias_resumen`
--

CREATE TABLE `inasistencias_resumen` (
  `id_alumno` int(11) NOT NULL,
  `cuatrimestre` tinyint(4) NOT NULL,
  `inasistencias` decimal(5,2) NOT NULL DEFAULT '0.00',
  `ciclo_lectivo` int(11) NOT NULL
) ENGINE=InnoDB DEFAULT CHARSET=utf8mb4;

--
-- Volcado de datos para la tabla `inasistencias_resumen`
--

INSERT INTO `inasistencias_resumen` (`id_alumno`, `cuatrimestre`, `inasistencias`, `ciclo_lectivo`) VALUES
(1, 1, '3.25', 2026),
(1, 2, '3.50', 2026);

-- --------------------------------------------------------

--
-- Estructura de tabla para la tabla `intensificaciones_old`
--

CREATE TABLE `intensificaciones_old` (
  `id_intensificacion` int(11) NOT NULL,
  `id_alumno` int(11) NOT NULL,
  `id_curso_materia` int(11) NOT NULL,
  `marzo_asistencia` enum('0%','25%','75%','100%') COLLATE utf8mb4_unicode_ci DEFAULT NULL,
  `marzo_valoracion` enum('CCA','CSA','AA') COLLATE utf8mb4_unicode_ci DEFAULT NULL,
  `julio_asistencia` enum('0%','25%','75%','100%') COLLATE utf8mb4_unicode_ci DEFAULT NULL,
  `julio_valoracion` enum('CCA','CSA','AA') COLLATE utf8mb4_unicode_ci DEFAULT NULL,
  `agosto_asistencia` enum('0%','25%','75%','100%') COLLATE utf8mb4_unicode_ci DEFAULT NULL,
  `agosto_valoracion` enum('CCA','CSA','AA') COLLATE utf8mb4_unicode_ci DEFAULT NULL,
  `noviembre_asistencia` enum('0%','25%','75%','100%') COLLATE utf8mb4_unicode_ci DEFAULT NULL,
  `noviembre_valoracion` enum('CCA','CSA','AA') COLLATE utf8mb4_unicode_ci DEFAULT NULL,
  `diciembre_asistencia` enum('0%','25%','75%','100%') COLLATE utf8mb4_unicode_ci DEFAULT NULL,
  `diciembre_valoracion` enum('CCA','CSA','AA') COLLATE utf8mb4_unicode_ci DEFAULT NULL,
  `febrero_asistencia` enum('0%','25%','75%','100%') COLLATE utf8mb4_unicode_ci DEFAULT NULL,
  `febrero_valoracion` enum('CCA','CSA','AA') COLLATE utf8mb4_unicode_ci DEFAULT NULL,
  `calificacion_final` tinyint(4) DEFAULT NULL
) ENGINE=InnoDB DEFAULT CHARSET=utf8mb4 COLLATE=utf8mb4_unicode_ci;

--
-- Volcado de datos para la tabla `intensificaciones_old`
--

INSERT INTO `intensificaciones_old` (`id_intensificacion`, `id_alumno`, `id_curso_materia`, `marzo_asistencia`, `marzo_valoracion`, `julio_asistencia`, `julio_valoracion`, `agosto_asistencia`, `agosto_valoracion`, `noviembre_asistencia`, `noviembre_valoracion`, `diciembre_asistencia`, `diciembre_valoracion`, `febrero_asistencia`, `febrero_valoracion`, `calificacion_final`) VALUES
(2, 317, 255, NULL, NULL, NULL, NULL, NULL, NULL, NULL, NULL, NULL, NULL, NULL, NULL, NULL);

-- --------------------------------------------------------

--
-- Estructura de tabla para la tabla `materias`
--

CREATE TABLE `materias` (
  `id_materia` int(11) NOT NULL,
  `nombre_materia` varchar(100) COLLATE utf8mb4_unicode_ci NOT NULL,
  `tipo` enum('Programática','Extraprogramática') COLLATE utf8mb4_unicode_ci NOT NULL DEFAULT 'Programática' COMMENT 'Indica si la materia es Programática o Extraprogramática'
) ENGINE=InnoDB DEFAULT CHARSET=utf8mb4 COLLATE=utf8mb4_unicode_ci;

--
-- Volcado de datos para la tabla `materias`
--

INSERT INTO `materias` (`id_materia`, `nombre_materia`, `tipo`) VALUES
(1, 'Matemática', 'Programática'),
(4, 'Ciencias Sociales', 'Programática'),
(6, 'Educación Física', 'Programática'),
(8, 'Música', 'Programática'),
(9, 'Taller de Informática', 'Extraprogramática'),
(10, 'Prácticas del Lenguaje', 'Programática'),
(11, 'Educación Artística', 'Programática'),
(12, 'Biología', 'Programática'),
(16, 'Ciencias Naturales', 'Programática'),
(17, 'Ingles', 'Programática'),
(18, 'Construcción Ciudadana', 'Programática'),
(19, 'Historia', 'Programática'),
(20, 'Geografía', 'Programática'),
(21, 'Físico Química', 'Programática'),
(22, 'Literatura', 'Programática'),
(23, 'Introducción a la Física', 'Programática'),
(24, 'NTICx', 'Programática'),
(25, 'Salud y Adolescencia', 'Programática'),
(26, 'Sistema de Información Contable', 'Programática'),
(27, 'Psicología', 'Programática'),
(28, 'Teoría de las Organizaciones', 'Programática'),
(29, 'Taller Aprender a Aprender', 'Extraprogramática'),
(30, 'Política y Ciudadanía', 'Programática'),
(31, 'Introducción a la Química', 'Programática'),
(32, 'Gestión Organizacional', 'Programática'),
(33, 'Sociología', 'Programática'),
(35, 'Economía Política', 'Programática'),
(36, 'Derecho', 'Programática'),
(37, 'Comunicación, Cultura y Sociedad', 'Programática'),
(38, 'Micro y Macro Economía', 'Programática'),
(39, 'Taller de Informática / Taller de Escritura', 'Extraprogramática'),
(40, 'Taller Finanzas Personales', 'Extraprogramática'),
(41, 'Taller de Periodismo', 'Extraprogramática'),
(42, 'Arte', 'Programática'),
(43, 'Trabajo y Ciudadanía', 'Programática'),
(44, 'Filosofía', 'Programática'),
(45, 'Proyectos Organizacionales', 'Programática'),
(46, 'Proyecto de Investigación Social', 'Programática'),
(47, 'Taller de Matemática', 'Extraprogramática'),
(48, 'Taller de Informática / T. Orient. Vocacional', 'Extraprogramática');

-- --------------------------------------------------------

--
-- Estructura de tabla para la tabla `notas`
--

CREATE TABLE `notas` (
  `id_nota` int(11) NOT NULL,
  `id_alumno` int(11) NOT NULL,
  `id_curso_materia` int(11) NOT NULL,
  `ubicacion` int(11) DEFAULT NULL,
  `id_estado` int(11) DEFAULT NULL,
  `valoracion_preliminar_1` enum('TEA','TEP','TED') COLLATE utf8mb4_unicode_ci DEFAULT NULL,
  `calificacion_1` decimal(4,2) DEFAULT NULL,
  `clases_dictadas_1` int(11) DEFAULT NULL,
  `inasistencias_1` int(11) DEFAULT NULL,
  `observacion_1` int(11) DEFAULT NULL,
  `valoracion_preliminar_2` enum('TEA','TEP','TED') COLLATE utf8mb4_unicode_ci DEFAULT NULL,
  `calificacion_2` decimal(4,2) DEFAULT NULL,
  `clases_dictadas_2` int(11) DEFAULT NULL,
  `inasistencias_2` int(11) DEFAULT NULL,
  `observacion_2` int(11) DEFAULT NULL,
  `intensificacion_1` varchar(15) COLLATE utf8mb4_unicode_ci DEFAULT NULL,
  `diciembre` varchar(15) COLLATE utf8mb4_unicode_ci DEFAULT NULL,
  `febrero` varchar(15) COLLATE utf8mb4_unicode_ci DEFAULT NULL,
  `calificacion_final` decimal(4,2) DEFAULT NULL,
  `marzo_asistencia` enum('0%','25%','75%','100%') COLLATE utf8mb4_unicode_ci DEFAULT NULL,
  `marzo_valoracion` enum('CCA','CSA','AA','TEA','TEP','TED') COLLATE utf8mb4_unicode_ci DEFAULT NULL,
  `julio_asistencia` enum('0%','25%','75%','100%') COLLATE utf8mb4_unicode_ci DEFAULT NULL,
  `julio_valoracion` enum('CCA','CSA','AA','TEA','TEP','TED') COLLATE utf8mb4_unicode_ci DEFAULT NULL,
  `agosto_asistencia` enum('0%','25%','75%','100%') COLLATE utf8mb4_unicode_ci DEFAULT NULL,
  `agosto_valoracion` enum('CCA','CSA','AA','TEA','TEP','TED') COLLATE utf8mb4_unicode_ci DEFAULT NULL,
  `noviembre_asistencia` enum('0%','25%','75%','100%') COLLATE utf8mb4_unicode_ci DEFAULT NULL,
  `noviembre_valoracion` enum('CCA','CSA','AA','TEA','TEP','TED') COLLATE utf8mb4_unicode_ci DEFAULT NULL,
  `diciembre_asistencia` enum('0%','25%','75%','100%') COLLATE utf8mb4_unicode_ci DEFAULT NULL,
  `diciembre_valoracion` enum('CCA','CSA','AA','TEA','TEP','TED') COLLATE utf8mb4_unicode_ci DEFAULT NULL,
  `febrero_asistencia` enum('0%','25%','75%','100%') COLLATE utf8mb4_unicode_ci DEFAULT NULL,
  `febrero_valoracion` enum('CCA','CSA','AA','TEA','TEP','TED') COLLATE utf8mb4_unicode_ci DEFAULT NULL,
  `anio_adeuda` int(11) DEFAULT NULL,
  `materia_adeuda` varchar(100) COLLATE utf8mb4_unicode_ci DEFAULT NULL
) ENGINE=InnoDB DEFAULT CHARSET=utf8mb4 COLLATE=utf8mb4_unicode_ci;

--
-- Volcado de datos para la tabla `notas`
--

INSERT INTO `notas` (`id_nota`, `id_alumno`, `id_curso_materia`, `ubicacion`, `id_estado`, `valoracion_preliminar_1`, `calificacion_1`, `clases_dictadas_1`, `inasistencias_1`, `observacion_1`, `valoracion_preliminar_2`, `calificacion_2`, `clases_dictadas_2`, `inasistencias_2`, `observacion_2`, `intensificacion_1`, `diciembre`, `febrero`, `calificacion_final`, `marzo_asistencia`, `marzo_valoracion`, `julio_asistencia`, `julio_valoracion`, `agosto_asistencia`, `agosto_valoracion`, `noviembre_asistencia`, `noviembre_valoracion`, `diciembre_asistencia`, `diciembre_valoracion`, `febrero_asistencia`, `febrero_valoracion`, `anio_adeuda`, `materia_adeuda`) VALUES
(1, 232, 215, NULL, 2, NULL, NULL, NULL, NULL, NULL, NULL, NULL, NULL, NULL, NULL, NULL, NULL, NULL, NULL, NULL, NULL, NULL, NULL, NULL, NULL, NULL, NULL, NULL, NULL, NULL, NULL, NULL, NULL),
(2, 232, 106, NULL, 2, NULL, NULL, NULL, NULL, NULL, NULL, NULL, NULL, NULL, NULL, NULL, NULL, NULL, NULL, NULL, NULL, NULL, NULL, NULL, NULL, NULL, NULL, NULL, NULL, NULL, NULL, NULL, NULL),
(3, 232, 209, NULL, 2, NULL, NULL, NULL, NULL, NULL, NULL, NULL, NULL, NULL, NULL, NULL, NULL, NULL, NULL, NULL, NULL, NULL, NULL, NULL, NULL, NULL, NULL, NULL, NULL, NULL, NULL, NULL, NULL),
(4, 232, 211, NULL, 2, NULL, NULL, NULL, NULL, NULL, NULL, NULL, NULL, NULL, NULL, NULL, NULL, NULL, NULL, NULL, NULL, NULL, NULL, NULL, NULL, NULL, NULL, NULL, NULL, NULL, NULL, NULL, NULL),
(5, 161, 215, NULL, 1, NULL, NULL, NULL, NULL, NULL, NULL, NULL, NULL, NULL, NULL, NULL, NULL, NULL, NULL, NULL, NULL, NULL, NULL, NULL, NULL, NULL, NULL, NULL, NULL, NULL, NULL, NULL, NULL),
(6, 317, 255, NULL, 1, NULL, NULL, NULL, NULL, NULL, NULL, NULL, NULL, NULL, NULL, NULL, NULL, NULL, NULL, NULL, NULL, NULL, NULL, NULL, NULL, NULL, NULL, NULL, NULL, NULL, NULL, NULL, NULL),
(7, 317, 240, NULL, 3, NULL, NULL, NULL, NULL, NULL, NULL, NULL, NULL, NULL, NULL, NULL, NULL, NULL, NULL, NULL, NULL, NULL, NULL, NULL, NULL, NULL, NULL, NULL, NULL, NULL, NULL, 5, 'Literatura'),
(8, 351, 112, 1, NULL, NULL, NULL, NULL, NULL, NULL, NULL, NULL, NULL, NULL, NULL, NULL, NULL, NULL, NULL, NULL, NULL, NULL, NULL, NULL, NULL, NULL, NULL, NULL, NULL, NULL, NULL, NULL, NULL),
(9, 352, 112, 2, NULL, NULL, NULL, NULL, NULL, NULL, NULL, NULL, NULL, NULL, NULL, NULL, NULL, NULL, NULL, NULL, NULL, NULL, NULL, NULL, NULL, NULL, NULL, NULL, NULL, NULL, NULL, NULL, NULL),
(10, 353, 112, 3, NULL, NULL, NULL, NULL, NULL, NULL, NULL, NULL, NULL, NULL, NULL, NULL, NULL, NULL, NULL, NULL, NULL, NULL, NULL, NULL, NULL, NULL, NULL, NULL, NULL, NULL, NULL, NULL, NULL),
(11, 354, 112, 4, NULL, NULL, NULL, NULL, NULL, NULL, NULL, NULL, NULL, NULL, NULL, NULL, NULL, NULL, NULL, NULL, NULL, NULL, NULL, NULL, NULL, NULL, NULL, NULL, NULL, NULL, NULL, NULL, NULL),
(12, 355, 112, 5, NULL, NULL, NULL, NULL, NULL, NULL, NULL, NULL, NULL, NULL, NULL, NULL, NULL, NULL, NULL, NULL, NULL, NULL, NULL, NULL, NULL, NULL, NULL, NULL, NULL, NULL, NULL, NULL, NULL),
(13, 356, 112, 8, NULL, NULL, NULL, NULL, NULL, NULL, NULL, NULL, NULL, NULL, NULL, NULL, NULL, NULL, NULL, NULL, NULL, NULL, NULL, NULL, NULL, NULL, NULL, NULL, NULL, NULL, NULL, NULL, NULL),
(14, 357, 112, 7, NULL, NULL, NULL, NULL, NULL, NULL, NULL, NULL, NULL, NULL, NULL, NULL, NULL, NULL, NULL, NULL, NULL, NULL, NULL, NULL, NULL, NULL, NULL, NULL, NULL, NULL, NULL, NULL, NULL),
(15, 358, 112, 6, NULL, NULL, NULL, NULL, NULL, NULL, NULL, NULL, NULL, NULL, NULL, NULL, NULL, NULL, NULL, NULL, NULL, NULL, NULL, NULL, NULL, NULL, NULL, NULL, NULL, NULL, NULL, NULL, NULL),
(16, 359, 112, 10, NULL, NULL, NULL, NULL, NULL, NULL, NULL, NULL, NULL, NULL, NULL, NULL, NULL, NULL, NULL, NULL, NULL, NULL, NULL, NULL, NULL, NULL, NULL, NULL, NULL, NULL, NULL, NULL, NULL),
(17, 360, 112, 9, NULL, NULL, NULL, NULL, NULL, NULL, NULL, NULL, NULL, NULL, NULL, NULL, NULL, NULL, NULL, NULL, NULL, NULL, NULL, NULL, NULL, NULL, NULL, NULL, NULL, NULL, NULL, NULL, NULL),
(18, 361, 112, 8, NULL, NULL, NULL, NULL, NULL, NULL, NULL, NULL, NULL, NULL, NULL, NULL, NULL, NULL, NULL, NULL, NULL, NULL, NULL, NULL, NULL, NULL, NULL, NULL, NULL, NULL, NULL, NULL, NULL),
(19, 362, 112, 2, NULL, NULL, NULL, NULL, NULL, NULL, NULL, NULL, NULL, NULL, NULL, NULL, NULL, NULL, NULL, NULL, NULL, NULL, NULL, NULL, NULL, NULL, NULL, NULL, NULL, NULL, NULL, NULL, NULL),
(20, 363, 112, 1, NULL, NULL, NULL, NULL, NULL, NULL, NULL, NULL, NULL, NULL, NULL, NULL, NULL, NULL, NULL, NULL, NULL, NULL, NULL, NULL, NULL, NULL, NULL, NULL, NULL, NULL, NULL, NULL, NULL),
(21, 364, 112, 5, NULL, NULL, NULL, NULL, NULL, NULL, NULL, NULL, NULL, NULL, NULL, NULL, NULL, NULL, NULL, NULL, NULL, NULL, NULL, NULL, NULL, NULL, NULL, NULL, NULL, NULL, NULL, NULL, NULL),
(22, 365, 112, 10, NULL, NULL, NULL, NULL, NULL, NULL, NULL, NULL, NULL, NULL, NULL, NULL, NULL, NULL, NULL, NULL, NULL, NULL, NULL, NULL, NULL, NULL, NULL, NULL, NULL, NULL, NULL, NULL, NULL),
(23, 366, 112, 11, NULL, NULL, NULL, NULL, NULL, NULL, NULL, NULL, NULL, NULL, NULL, NULL, NULL, NULL, NULL, NULL, NULL, NULL, NULL, NULL, NULL, NULL, NULL, NULL, NULL, NULL, NULL, NULL, NULL),
(24, 367, 112, 23, NULL, NULL, NULL, NULL, NULL, NULL, NULL, NULL, NULL, NULL, NULL, NULL, NULL, NULL, NULL, NULL, NULL, NULL, NULL, NULL, NULL, NULL, NULL, NULL, NULL, NULL, NULL, NULL, NULL),
(25, 368, 112, 22, NULL, NULL, NULL, NULL, NULL, NULL, NULL, NULL, NULL, NULL, NULL, NULL, NULL, NULL, NULL, NULL, NULL, NULL, NULL, NULL, NULL, NULL, NULL, NULL, NULL, NULL, NULL, NULL, NULL),
(26, 369, 112, 21, NULL, NULL, NULL, NULL, NULL, NULL, NULL, NULL, NULL, NULL, NULL, NULL, NULL, NULL, NULL, NULL, NULL, NULL, NULL, NULL, NULL, NULL, NULL, NULL, NULL, NULL, NULL, NULL, NULL),
(27, 370, 112, 20, NULL, NULL, NULL, NULL, NULL, NULL, NULL, NULL, NULL, NULL, NULL, NULL, NULL, NULL, NULL, NULL, NULL, NULL, NULL, NULL, NULL, NULL, NULL, NULL, NULL, NULL, NULL, NULL, NULL),
(28, 371, 112, 19, NULL, NULL, NULL, NULL, NULL, NULL, NULL, NULL, NULL, NULL, NULL, NULL, NULL, NULL, NULL, NULL, NULL, NULL, NULL, NULL, NULL, NULL, NULL, NULL, NULL, NULL, NULL, NULL, NULL),
(29, 372, 112, 18, NULL, NULL, NULL, NULL, NULL, NULL, NULL, NULL, NULL, NULL, NULL, NULL, NULL, NULL, NULL, NULL, NULL, NULL, NULL, NULL, NULL, NULL, NULL, NULL, NULL, NULL, NULL, NULL, NULL),
(30, 373, 112, 17, NULL, NULL, NULL, NULL, NULL, NULL, NULL, NULL, NULL, NULL, NULL, NULL, NULL, NULL, NULL, NULL, NULL, NULL, NULL, NULL, NULL, NULL, NULL, NULL, NULL, NULL, NULL, NULL, NULL),
(31, 374, 112, 16, NULL, NULL, NULL, NULL, NULL, NULL, NULL, NULL, NULL, NULL, NULL, NULL, NULL, NULL, NULL, NULL, NULL, NULL, NULL, NULL, NULL, NULL, NULL, NULL, NULL, NULL, NULL, NULL, NULL),
(32, 375, 112, 15, NULL, NULL, NULL, NULL, NULL, NULL, NULL, NULL, NULL, NULL, NULL, NULL, NULL, NULL, NULL, NULL, NULL, NULL, NULL, NULL, NULL, NULL, NULL, NULL, NULL, NULL, NULL, NULL, NULL),
(33, 376, 112, 14, NULL, NULL, NULL, NULL, NULL, NULL, NULL, NULL, NULL, NULL, NULL, NULL, NULL, NULL, NULL, NULL, NULL, NULL, NULL, NULL, NULL, NULL, NULL, NULL, NULL, NULL, NULL, NULL, NULL),
(34, 377, 112, 13, NULL, NULL, NULL, NULL, NULL, NULL, NULL, NULL, NULL, NULL, NULL, NULL, NULL, NULL, NULL, NULL, NULL, NULL, NULL, NULL, NULL, NULL, NULL, NULL, NULL, NULL, NULL, NULL, NULL),
(35, 378, 112, 12, NULL, NULL, NULL, NULL, NULL, NULL, NULL, NULL, NULL, NULL, NULL, NULL, NULL, NULL, NULL, NULL, NULL, NULL, NULL, NULL, NULL, NULL, NULL, NULL, NULL, NULL, NULL, NULL, NULL),
(36, 351, 136, 1, NULL, NULL, NULL, NULL, NULL, NULL, NULL, NULL, NULL, NULL, NULL, NULL, NULL, NULL, NULL, NULL, NULL, NULL, NULL, NULL, NULL, NULL, NULL, NULL, NULL, NULL, NULL, NULL, NULL),
(37, 352, 136, 2, NULL, NULL, NULL, NULL, NULL, NULL, NULL, NULL, NULL, NULL, NULL, NULL, NULL, NULL, NULL, NULL, NULL, NULL, NULL, NULL, NULL, NULL, NULL, NULL, NULL, NULL, NULL, NULL, NULL),
(38, 353, 136, 3, NULL, NULL, NULL, NULL, NULL, NULL, NULL, NULL, NULL, NULL, NULL, NULL, NULL, NULL, NULL, NULL, NULL, NULL, NULL, NULL, NULL, NULL, NULL, NULL, NULL, NULL, NULL, NULL, NULL),
(39, 354, 136, 4, NULL, NULL, NULL, NULL, NULL, NULL, NULL, NULL, NULL, NULL, NULL, NULL, NULL, NULL, NULL, NULL, NULL, NULL, NULL, NULL, NULL, NULL, NULL, NULL, NULL, NULL, NULL, NULL, NULL),
(40, 355, 136, 5, NULL, NULL, NULL, NULL, NULL, NULL, NULL, NULL, NULL, NULL, NULL, NULL, NULL, NULL, NULL, NULL, NULL, NULL, NULL, NULL, NULL, NULL, NULL, NULL, NULL, NULL, NULL, NULL, NULL),
(41, 356, 136, 8, NULL, NULL, NULL, NULL, NULL, NULL, NULL, NULL, NULL, NULL, NULL, NULL, NULL, NULL, NULL, NULL, NULL, NULL, NULL, NULL, NULL, NULL, NULL, NULL, NULL, NULL, NULL, NULL, NULL),
(42, 357, 136, 7, NULL, NULL, NULL, NULL, NULL, NULL, NULL, NULL, NULL, NULL, NULL, NULL, NULL, NULL, NULL, NULL, NULL, NULL, NULL, NULL, NULL, NULL, NULL, NULL, NULL, NULL, NULL, NULL, NULL),
(43, 358, 136, 6, NULL, NULL, NULL, NULL, NULL, NULL, NULL, NULL, NULL, NULL, NULL, NULL, NULL, NULL, NULL, NULL, NULL, NULL, NULL, NULL, NULL, NULL, NULL, NULL, NULL, NULL, NULL, NULL, NULL),
(44, 359, 136, 10, NULL, NULL, NULL, NULL, NULL, NULL, NULL, NULL, NULL, NULL, NULL, NULL, NULL, NULL, NULL, NULL, NULL, NULL, NULL, NULL, NULL, NULL, NULL, NULL, NULL, NULL, NULL, NULL, NULL),
(45, 360, 136, 9, NULL, NULL, NULL, NULL, NULL, NULL, NULL, NULL, NULL, NULL, NULL, NULL, NULL, NULL, NULL, NULL, NULL, NULL, NULL, NULL, NULL, NULL, NULL, NULL, NULL, NULL, NULL, NULL, NULL),
(46, 361, 136, 8, NULL, NULL, NULL, NULL, NULL, NULL, NULL, NULL, NULL, NULL, NULL, NULL, NULL, NULL, NULL, NULL, NULL, NULL, NULL, NULL, NULL, NULL, NULL, NULL, NULL, NULL, NULL, NULL, NULL),
(47, 362, 136, 2, NULL, NULL, NULL, NULL, NULL, NULL, NULL, NULL, NULL, NULL, NULL, NULL, NULL, NULL, NULL, NULL, NULL, NULL, NULL, NULL, NULL, NULL, NULL, NULL, NULL, NULL, NULL, NULL, NULL),
(48, 363, 136, 1, NULL, NULL, NULL, NULL, NULL, NULL, NULL, NULL, NULL, NULL, NULL, NULL, NULL, NULL, NULL, NULL, NULL, NULL, NULL, NULL, NULL, NULL, NULL, NULL, NULL, NULL, NULL, NULL, NULL),
(49, 364, 136, 5, NULL, NULL, NULL, NULL, NULL, NULL, NULL, NULL, NULL, NULL, NULL, NULL, NULL, NULL, NULL, NULL, NULL, NULL, NULL, NULL, NULL, NULL, NULL, NULL, NULL, NULL, NULL, NULL, NULL),
(50, 365, 136, 10, NULL, NULL, NULL, NULL, NULL, NULL, NULL, NULL, NULL, NULL, NULL, NULL, NULL, NULL, NULL, NULL, NULL, NULL, NULL, NULL, NULL, NULL, NULL, NULL, NULL, NULL, NULL, NULL, NULL),
(51, 366, 136, 11, NULL, NULL, NULL, NULL, NULL, NULL, NULL, NULL, NULL, NULL, NULL, NULL, NULL, NULL, NULL, NULL, NULL, NULL, NULL, NULL, NULL, NULL, NULL, NULL, NULL, NULL, NULL, NULL, NULL),
(52, 367, 136, 23, NULL, NULL, NULL, NULL, NULL, NULL, NULL, NULL, NULL, NULL, NULL, NULL, NULL, NULL, NULL, NULL, NULL, NULL, NULL, NULL, NULL, NULL, NULL, NULL, NULL, NULL, NULL, NULL, NULL),
(53, 368, 136, 22, NULL, NULL, NULL, NULL, NULL, NULL, NULL, NULL, NULL, NULL, NULL, NULL, NULL, NULL, NULL, NULL, NULL, NULL, NULL, NULL, NULL, NULL, NULL, NULL, NULL, NULL, NULL, NULL, NULL),
(54, 369, 136, 21, NULL, NULL, NULL, NULL, NULL, NULL, NULL, NULL, NULL, NULL, NULL, NULL, NULL, NULL, NULL, NULL, NULL, NULL, NULL, NULL, NULL, NULL, NULL, NULL, NULL, NULL, NULL, NULL, NULL),
(55, 370, 136, 20, NULL, NULL, NULL, NULL, NULL, NULL, NULL, NULL, NULL, NULL, NULL, NULL, NULL, NULL, NULL, NULL, NULL, NULL, NULL, NULL, NULL, NULL, NULL, NULL, NULL, NULL, NULL, NULL, NULL),
(56, 371, 136, 19, NULL, NULL, NULL, NULL, NULL, NULL, NULL, NULL, NULL, NULL, NULL, NULL, NULL, NULL, NULL, NULL, NULL, NULL, NULL, NULL, NULL, NULL, NULL, NULL, NULL, NULL, NULL, NULL, NULL),
(57, 372, 136, 18, NULL, NULL, NULL, NULL, NULL, NULL, NULL, NULL, NULL, NULL, NULL, NULL, NULL, NULL, NULL, NULL, NULL, NULL, NULL, NULL, NULL, NULL, NULL, NULL, NULL, NULL, NULL, NULL, NULL),
(58, 373, 136, 17, NULL, NULL, NULL, NULL, NULL, NULL, NULL, NULL, NULL, NULL, NULL, NULL, NULL, NULL, NULL, NULL, NULL, NULL, NULL, NULL, NULL, NULL, NULL, NULL, NULL, NULL, NULL, NULL, NULL),
(59, 374, 136, 16, NULL, NULL, NULL, NULL, NULL, NULL, NULL, NULL, NULL, NULL, NULL, NULL, NULL, NULL, NULL, NULL, NULL, NULL, NULL, NULL, NULL, NULL, NULL, NULL, NULL, NULL, NULL, NULL, NULL),
(60, 375, 136, 15, NULL, NULL, NULL, NULL, NULL, NULL, NULL, NULL, NULL, NULL, NULL, NULL, NULL, NULL, NULL, NULL, NULL, NULL, NULL, NULL, NULL, NULL, NULL, NULL, NULL, NULL, NULL, NULL, NULL),
(61, 376, 136, 14, NULL, NULL, NULL, NULL, NULL, NULL, NULL, NULL, NULL, NULL, NULL, NULL, NULL, NULL, NULL, NULL, NULL, NULL, NULL, NULL, NULL, NULL, NULL, NULL, NULL, NULL, NULL, NULL, NULL),
(62, 377, 136, 13, NULL, NULL, NULL, NULL, NULL, NULL, NULL, NULL, NULL, NULL, NULL, NULL, NULL, NULL, NULL, NULL, NULL, NULL, NULL, NULL, NULL, NULL, NULL, NULL, NULL, NULL, NULL, NULL, NULL),
(63, 378, 136, 12, NULL, NULL, NULL, NULL, NULL, NULL, NULL, NULL, NULL, NULL, NULL, NULL, NULL, NULL, NULL, NULL, NULL, NULL, NULL, NULL, NULL, NULL, NULL, NULL, NULL, NULL, NULL, NULL, NULL),
(64, 351, 148, 1, NULL, NULL, NULL, NULL, NULL, NULL, NULL, NULL, NULL, NULL, NULL, NULL, NULL, NULL, NULL, NULL, NULL, NULL, NULL, NULL, NULL, NULL, NULL, NULL, NULL, NULL, NULL, NULL, NULL),
(65, 352, 148, 2, NULL, NULL, NULL, NULL, NULL, NULL, NULL, NULL, NULL, NULL, NULL, NULL, NULL, NULL, NULL, NULL, NULL, NULL, NULL, NULL, NULL, NULL, NULL, NULL, NULL, NULL, NULL, NULL, NULL),
(66, 353, 148, 3, NULL, NULL, NULL, NULL, NULL, NULL, NULL, NULL, NULL, NULL, NULL, NULL, NULL, NULL, NULL, NULL, NULL, NULL, NULL, NULL, NULL, NULL, NULL, NULL, NULL, NULL, NULL, NULL, NULL),
(67, 354, 148, 4, NULL, NULL, NULL, NULL, NULL, NULL, NULL, NULL, NULL, NULL, NULL, NULL, NULL, NULL, NULL, NULL, NULL, NULL, NULL, NULL, NULL, NULL, NULL, NULL, NULL, NULL, NULL, NULL, NULL),
(68, 355, 148, 5, NULL, NULL, NULL, NULL, NULL, NULL, NULL, NULL, NULL, NULL, NULL, NULL, NULL, NULL, NULL, NULL, NULL, NULL, NULL, NULL, NULL, NULL, NULL, NULL, NULL, NULL, NULL, NULL, NULL),
(69, 356, 148, 8, NULL, NULL, NULL, NULL, NULL, NULL, NULL, NULL, NULL, NULL, NULL, NULL, NULL, NULL, NULL, NULL, NULL, NULL, NULL, NULL, NULL, NULL, NULL, NULL, NULL, NULL, NULL, NULL, NULL),
(70, 357, 148, 7, NULL, NULL, NULL, NULL, NULL, NULL, NULL, NULL, NULL, NULL, NULL, NULL, NULL, NULL, NULL, NULL, NULL, NULL, NULL, NULL, NULL, NULL, NULL, NULL, NULL, NULL, NULL, NULL, NULL),
(71, 358, 148, 6, NULL, NULL, NULL, NULL, NULL, NULL, NULL, NULL, NULL, NULL, NULL, NULL, NULL, NULL, NULL, NULL, NULL, NULL, NULL, NULL, NULL, NULL, NULL, NULL, NULL, NULL, NULL, NULL, NULL),
(72, 359, 148, 10, NULL, NULL, NULL, NULL, NULL, NULL, NULL, NULL, NULL, NULL, NULL, NULL, NULL, NULL, NULL, NULL, NULL, NULL, NULL, NULL, NULL, NULL, NULL, NULL, NULL, NULL, NULL, NULL, NULL),
(73, 360, 148, 9, NULL, NULL, NULL, NULL, NULL, NULL, NULL, NULL, NULL, NULL, NULL, NULL, NULL, NULL, NULL, NULL, NULL, NULL, NULL, NULL, NULL, NULL, NULL, NULL, NULL, NULL, NULL, NULL, NULL),
(74, 361, 148, 8, NULL, NULL, NULL, NULL, NULL, NULL, NULL, NULL, NULL, NULL, NULL, NULL, NULL, NULL, NULL, NULL, NULL, NULL, NULL, NULL, NULL, NULL, NULL, NULL, NULL, NULL, NULL, NULL, NULL),
(75, 362, 148, 2, NULL, NULL, NULL, NULL, NULL, NULL, NULL, NULL, NULL, NULL, NULL, NULL, NULL, NULL, NULL, NULL, NULL, NULL, NULL, NULL, NULL, NULL, NULL, NULL, NULL, NULL, NULL, NULL, NULL),
(76, 363, 148, 1, NULL, NULL, NULL, NULL, NULL, NULL, NULL, NULL, NULL, NULL, NULL, NULL, NULL, NULL, NULL, NULL, NULL, NULL, NULL, NULL, NULL, NULL, NULL, NULL, NULL, NULL, NULL, NULL, NULL),
(77, 364, 148, 5, NULL, NULL, NULL, NULL, NULL, NULL, NULL, NULL, NULL, NULL, NULL, NULL, NULL, NULL, NULL, NULL, NULL, NULL, NULL, NULL, NULL, NULL, NULL, NULL, NULL, NULL, NULL, NULL, NULL),
(78, 365, 148, 10, NULL, NULL, NULL, NULL, NULL, NULL, NULL, NULL, NULL, NULL, NULL, NULL, NULL, NULL, NULL, NULL, NULL, NULL, NULL, NULL, NULL, NULL, NULL, NULL, NULL, NULL, NULL, NULL, NULL),
(79, 366, 148, 11, NULL, NULL, NULL, NULL, NULL, NULL, NULL, NULL, NULL, NULL, NULL, NULL, NULL, NULL, NULL, NULL, NULL, NULL, NULL, NULL, NULL, NULL, NULL, NULL, NULL, NULL, NULL, NULL, NULL),
(80, 367, 148, 23, NULL, NULL, NULL, NULL, NULL, NULL, NULL, NULL, NULL, NULL, NULL, NULL, NULL, NULL, NULL, NULL, NULL, NULL, NULL, NULL, NULL, NULL, NULL, NULL, NULL, NULL, NULL, NULL, NULL),
(81, 368, 148, 22, NULL, NULL, NULL, NULL, NULL, NULL, NULL, NULL, NULL, NULL, NULL, NULL, NULL, NULL, NULL, NULL, NULL, NULL, NULL, NULL, NULL, NULL, NULL, NULL, NULL, NULL, NULL, NULL, NULL),
(82, 369, 148, 21, NULL, NULL, NULL, NULL, NULL, NULL, NULL, NULL, NULL, NULL, NULL, NULL, NULL, NULL, NULL, NULL, NULL, NULL, NULL, NULL, NULL, NULL, NULL, NULL, NULL, NULL, NULL, NULL, NULL),
(83, 370, 148, 20, NULL, NULL, NULL, NULL, NULL, NULL, NULL, NULL, NULL, NULL, NULL, NULL, NULL, NULL, NULL, NULL, NULL, NULL, NULL, NULL, NULL, NULL, NULL, NULL, NULL, NULL, NULL, NULL, NULL),
(84, 371, 148, 19, NULL, NULL, NULL, NULL, NULL, NULL, NULL, NULL, NULL, NULL, NULL, NULL, NULL, NULL, NULL, NULL, NULL, NULL, NULL, NULL, NULL, NULL, NULL, NULL, NULL, NULL, NULL, NULL, NULL),
(85, 372, 148, 18, NULL, NULL, NULL, NULL, NULL, NULL, NULL, NULL, NULL, NULL, NULL, NULL, NULL, NULL, NULL, NULL, NULL, NULL, NULL, NULL, NULL, NULL, NULL, NULL, NULL, NULL, NULL, NULL, NULL),
(86, 373, 148, 17, NULL, NULL, NULL, NULL, NULL, NULL, NULL, NULL, NULL, NULL, NULL, NULL, NULL, NULL, NULL, NULL, NULL, NULL, NULL, NULL, NULL, NULL, NULL, NULL, NULL, NULL, NULL, NULL, NULL),
(87, 374, 148, 16, NULL, NULL, NULL, NULL, NULL, NULL, NULL, NULL, NULL, NULL, NULL, NULL, NULL, NULL, NULL, NULL, NULL, NULL, NULL, NULL, NULL, NULL, NULL, NULL, NULL, NULL, NULL, NULL, NULL),
(88, 375, 148, 15, NULL, NULL, NULL, NULL, NULL, NULL, NULL, NULL, NULL, NULL, NULL, NULL, NULL, NULL, NULL, NULL, NULL, NULL, NULL, NULL, NULL, NULL, NULL, NULL, NULL, NULL, NULL, NULL, NULL),
(89, 376, 148, 14, NULL, NULL, NULL, NULL, NULL, NULL, NULL, NULL, NULL, NULL, NULL, NULL, NULL, NULL, NULL, NULL, NULL, NULL, NULL, NULL, NULL, NULL, NULL, NULL, NULL, NULL, NULL, NULL, NULL),
(90, 377, 148, 13, NULL, NULL, NULL, NULL, NULL, NULL, NULL, NULL, NULL, NULL, NULL, NULL, NULL, NULL, NULL, NULL, NULL, NULL, NULL, NULL, NULL, NULL, NULL, NULL, NULL, NULL, NULL, NULL, NULL),
(91, 378, 148, 12, NULL, NULL, NULL, NULL, NULL, NULL, NULL, NULL, NULL, NULL, NULL, NULL, NULL, NULL, NULL, NULL, NULL, NULL, NULL, NULL, NULL, NULL, NULL, NULL, NULL, NULL, NULL, NULL, NULL),
(92, 351, 269, 1, NULL, NULL, NULL, NULL, NULL, NULL, NULL, NULL, NULL, NULL, NULL, NULL, NULL, NULL, NULL, NULL, NULL, NULL, NULL, NULL, NULL, NULL, NULL, NULL, NULL, NULL, NULL, NULL, NULL),
(93, 352, 269, 2, NULL, NULL, NULL, NULL, NULL, NULL, NULL, NULL, NULL, NULL, NULL, NULL, NULL, NULL, NULL, NULL, NULL, NULL, NULL, NULL, NULL, NULL, NULL, NULL, NULL, NULL, NULL, NULL, NULL),
(94, 353, 269, 3, NULL, NULL, NULL, NULL, NULL, NULL, NULL, NULL, NULL, NULL, NULL, NULL, NULL, NULL, NULL, NULL, NULL, NULL, NULL, NULL, NULL, NULL, NULL, NULL, NULL, NULL, NULL, NULL, NULL),
(95, 354, 269, 4, NULL, NULL, NULL, NULL, NULL, NULL, NULL, NULL, NULL, NULL, NULL, NULL, NULL, NULL, NULL, NULL, NULL, NULL, NULL, NULL, NULL, NULL, NULL, NULL, NULL, NULL, NULL, NULL, NULL),
(96, 355, 269, 5, NULL, NULL, NULL, NULL, NULL, NULL, NULL, NULL, NULL, NULL, NULL, NULL, NULL, NULL, NULL, NULL, NULL, NULL, NULL, NULL, NULL, NULL, NULL, NULL, NULL, NULL, NULL, NULL, NULL),
(97, 356, 269, 8, NULL, NULL, NULL, NULL, NULL, NULL, NULL, NULL, NULL, NULL, NULL, NULL, NULL, NULL, NULL, NULL, NULL, NULL, NULL, NULL, NULL, NULL, NULL, NULL, NULL, NULL, NULL, NULL, NULL),
(98, 357, 269, 7, NULL, NULL, NULL, NULL, NULL, NULL, NULL, NULL, NULL, NULL, NULL, NULL, NULL, NULL, NULL, NULL, NULL, NULL, NULL, NULL, NULL, NULL, NULL, NULL, NULL, NULL, NULL, NULL, NULL),
(99, 358, 269, 6, NULL, NULL, NULL, NULL, NULL, NULL, NULL, NULL, NULL, NULL, NULL, NULL, NULL, NULL, NULL, NULL, NULL, NULL, NULL, NULL, NULL, NULL, NULL, NULL, NULL, NULL, NULL, NULL, NULL),
(100, 359, 269, 10, NULL, NULL, NULL, NULL, NULL, NULL, NULL, NULL, NULL, NULL, NULL, NULL, NULL, NULL, NULL, NULL, NULL, NULL, NULL, NULL, NULL, NULL, NULL, NULL, NULL, NULL, NULL, NULL, NULL),
(101, 360, 269, 9, NULL, NULL, NULL, NULL, NULL, NULL, NULL, NULL, NULL, NULL, NULL, NULL, NULL, NULL, NULL, NULL, NULL, NULL, NULL, NULL, NULL, NULL, NULL, NULL, NULL, NULL, NULL, NULL, NULL),
(102, 361, 269, 8, NULL, NULL, NULL, NULL, NULL, NULL, NULL, NULL, NULL, NULL, NULL, NULL, NULL, NULL, NULL, NULL, NULL, NULL, NULL, NULL, NULL, NULL, NULL, NULL, NULL, NULL, NULL, NULL, NULL),
(103, 362, 269, 2, NULL, NULL, NULL, NULL, NULL, NULL, NULL, NULL, NULL, NULL, NULL, NULL, NULL, NULL, NULL, NULL, NULL, NULL, NULL, NULL, NULL, NULL, NULL, NULL, NULL, NULL, NULL, NULL, NULL),
(104, 363, 269, 1, NULL, NULL, NULL, NULL, NULL, NULL, NULL, NULL, NULL, NULL, NULL, NULL, NULL, NULL, NULL, NULL, NULL, NULL, NULL, NULL, NULL, NULL, NULL, NULL, NULL, NULL, NULL, NULL, NULL),
(105, 364, 269, 5, NULL, NULL, NULL, NULL, NULL, NULL, NULL, NULL, NULL, NULL, NULL, NULL, NULL, NULL, NULL, NULL, NULL, NULL, NULL, NULL, NULL, NULL, NULL, NULL, NULL, NULL, NULL, NULL, NULL),
(106, 365, 269, 10, NULL, NULL, NULL, NULL, NULL, NULL, NULL, NULL, NULL, NULL, NULL, NULL, NULL, NULL, NULL, NULL, NULL, NULL, NULL, NULL, NULL, NULL, NULL, NULL, NULL, NULL, NULL, NULL, NULL),
(107, 366, 269, 11, NULL, NULL, NULL, NULL, NULL, NULL, NULL, NULL, NULL, NULL, NULL, NULL, NULL, NULL, NULL, NULL, NULL, NULL, NULL, NULL, NULL, NULL, NULL, NULL, NULL, NULL, NULL, NULL, NULL),
(108, 367, 269, 23, NULL, NULL, NULL, NULL, NULL, NULL, NULL, NULL, NULL, NULL, NULL, NULL, NULL, NULL, NULL, NULL, NULL, NULL, NULL, NULL, NULL, NULL, NULL, NULL, NULL, NULL, NULL, NULL, NULL),
(109, 368, 269, 22, NULL, NULL, NULL, NULL, NULL, NULL, NULL, NULL, NULL, NULL, NULL, NULL, NULL, NULL, NULL, NULL, NULL, NULL, NULL, NULL, NULL, NULL, NULL, NULL, NULL, NULL, NULL, NULL, NULL),
(110, 369, 269, 21, NULL, NULL, NULL, NULL, NULL, NULL, NULL, NULL, NULL, NULL, NULL, NULL, NULL, NULL, NULL, NULL, NULL, NULL, NULL, NULL, NULL, NULL, NULL, NULL, NULL, NULL, NULL, NULL, NULL),
(111, 370, 269, 20, NULL, NULL, NULL, NULL, NULL, NULL, NULL, NULL, NULL, NULL, NULL, NULL, NULL, NULL, NULL, NULL, NULL, NULL, NULL, NULL, NULL, NULL, NULL, NULL, NULL, NULL, NULL, NULL, NULL),
(112, 371, 269, 19, NULL, NULL, NULL, NULL, NULL, NULL, NULL, NULL, NULL, NULL, NULL, NULL, NULL, NULL, NULL, NULL, NULL, NULL, NULL, NULL, NULL, NULL, NULL, NULL, NULL, NULL, NULL, NULL, NULL),
(113, 372, 269, 18, NULL, NULL, NULL, NULL, NULL, NULL, NULL, NULL, NULL, NULL, NULL, NULL, NULL, NULL, NULL, NULL, NULL, NULL, NULL, NULL, NULL, NULL, NULL, NULL, NULL, NULL, NULL, NULL, NULL),
(114, 373, 269, 17, NULL, NULL, NULL, NULL, NULL, NULL, NULL, NULL, NULL, NULL, NULL, NULL, NULL, NULL, NULL, NULL, NULL, NULL, NULL, NULL, NULL, NULL, NULL, NULL, NULL, NULL, NULL, NULL, NULL),
(115, 374, 269, 16, NULL, NULL, NULL, NULL, NULL, NULL, NULL, NULL, NULL, NULL, NULL, NULL, NULL, NULL, NULL, NULL, NULL, NULL, NULL, NULL, NULL, NULL, NULL, NULL, NULL, NULL, NULL, NULL, NULL),
(116, 375, 269, 15, NULL, NULL, NULL, NULL, NULL, NULL, NULL, NULL, NULL, NULL, NULL, NULL, NULL, NULL, NULL, NULL, NULL, NULL, NULL, NULL, NULL, NULL, NULL, NULL, NULL, NULL, NULL, NULL, NULL),
(117, 376, 269, 14, NULL, NULL, NULL, NULL, NULL, NULL, NULL, NULL, NULL, NULL, NULL, NULL, NULL, NULL, NULL, NULL, NULL, NULL, NULL, NULL, NULL, NULL, NULL, NULL, NULL, NULL, NULL, NULL, NULL),
(118, 377, 269, 13, NULL, NULL, NULL, NULL, NULL, NULL, NULL, NULL, NULL, NULL, NULL, NULL, NULL, NULL, NULL, NULL, NULL, NULL, NULL, NULL, NULL, NULL, NULL, NULL, NULL, NULL, NULL, NULL, NULL),
(119, 378, 269, 12, NULL, NULL, NULL, NULL, NULL, NULL, NULL, NULL, NULL, NULL, NULL, NULL, NULL, NULL, NULL, NULL, NULL, NULL, NULL, NULL, NULL, NULL, NULL, NULL, NULL, NULL, NULL, NULL, NULL),
(120, 351, 272, 1, NULL, NULL, NULL, NULL, NULL, NULL, NULL, NULL, NULL, NULL, NULL, NULL, NULL, NULL, NULL, NULL, NULL, NULL, NULL, NULL, NULL, NULL, NULL, NULL, NULL, NULL, NULL, NULL, NULL),
(121, 352, 272, 2, NULL, NULL, NULL, NULL, NULL, NULL, NULL, NULL, NULL, NULL, NULL, NULL, NULL, NULL, NULL, NULL, NULL, NULL, NULL, NULL, NULL, NULL, NULL, NULL, NULL, NULL, NULL, NULL, NULL),
(122, 353, 272, 3, NULL, NULL, NULL, NULL, NULL, NULL, NULL, NULL, NULL, NULL, NULL, NULL, NULL, NULL, NULL, NULL, NULL, NULL, NULL, NULL, NULL, NULL, NULL, NULL, NULL, NULL, NULL, NULL, NULL),
(123, 354, 272, 4, NULL, NULL, NULL, NULL, NULL, NULL, NULL, NULL, NULL, NULL, NULL, NULL, NULL, NULL, NULL, NULL, NULL, NULL, NULL, NULL, NULL, NULL, NULL, NULL, NULL, NULL, NULL, NULL, NULL),
(124, 355, 272, 5, NULL, NULL, NULL, NULL, NULL, NULL, NULL, NULL, NULL, NULL, NULL, NULL, NULL, NULL, NULL, NULL, NULL, NULL, NULL, NULL, NULL, NULL, NULL, NULL, NULL, NULL, NULL, NULL, NULL),
(125, 356, 272, 8, NULL, NULL, NULL, NULL, NULL, NULL, NULL, NULL, NULL, NULL, NULL, NULL, NULL, NULL, NULL, NULL, NULL, NULL, NULL, NULL, NULL, NULL, NULL, NULL, NULL, NULL, NULL, NULL, NULL),
(126, 357, 272, 7, NULL, NULL, NULL, NULL, NULL, NULL, NULL, NULL, NULL, NULL, NULL, NULL, NULL, NULL, NULL, NULL, NULL, NULL, NULL, NULL, NULL, NULL, NULL, NULL, NULL, NULL, NULL, NULL, NULL),
(127, 358, 272, 6, NULL, NULL, NULL, NULL, NULL, NULL, NULL, NULL, NULL, NULL, NULL, NULL, NULL, NULL, NULL, NULL, NULL, NULL, NULL, NULL, NULL, NULL, NULL, NULL, NULL, NULL, NULL, NULL, NULL),
(128, 359, 272, 10, NULL, NULL, NULL, NULL, NULL, NULL, NULL, NULL, NULL, NULL, NULL, NULL, NULL, NULL, NULL, NULL, NULL, NULL, NULL, NULL, NULL, NULL, NULL, NULL, NULL, NULL, NULL, NULL, NULL),
(129, 360, 272, 9, NULL, NULL, NULL, NULL, NULL, NULL, NULL, NULL, NULL, NULL, NULL, NULL, NULL, NULL, NULL, NULL, NULL, NULL, NULL, NULL, NULL, NULL, NULL, NULL, NULL, NULL, NULL, NULL, NULL),
(130, 361, 272, 8, NULL, NULL, NULL, NULL, NULL, NULL, NULL, NULL, NULL, NULL, NULL, NULL, NULL, NULL, NULL, NULL, NULL, NULL, NULL, NULL, NULL, NULL, NULL, NULL, NULL, NULL, NULL, NULL, NULL),
(131, 362, 272, 2, NULL, NULL, NULL, NULL, NULL, NULL, NULL, NULL, NULL, NULL, NULL, NULL, NULL, NULL, NULL, NULL, NULL, NULL, NULL, NULL, NULL, NULL, NULL, NULL, NULL, NULL, NULL, NULL, NULL),
(132, 363, 272, 1, NULL, NULL, NULL, NULL, NULL, NULL, NULL, NULL, NULL, NULL, NULL, NULL, NULL, NULL, NULL, NULL, NULL, NULL, NULL, NULL, NULL, NULL, NULL, NULL, NULL, NULL, NULL, NULL, NULL),
(133, 364, 272, 5, NULL, NULL, NULL, NULL, NULL, NULL, NULL, NULL, NULL, NULL, NULL, NULL, NULL, NULL, NULL, NULL, NULL, NULL, NULL, NULL, NULL, NULL, NULL, NULL, NULL, NULL, NULL, NULL, NULL),
(134, 365, 272, 10, NULL, NULL, NULL, NULL, NULL, NULL, NULL, NULL, NULL, NULL, NULL, NULL, NULL, NULL, NULL, NULL, NULL, NULL, NULL, NULL, NULL, NULL, NULL, NULL, NULL, NULL, NULL, NULL, NULL),
(135, 366, 272, 11, NULL, NULL, NULL, NULL, NULL, NULL, NULL, NULL, NULL, NULL, NULL, NULL, NULL, NULL, NULL, NULL, NULL, NULL, NULL, NULL, NULL, NULL, NULL, NULL, NULL, NULL, NULL, NULL, NULL),
(136, 367, 272, 23, NULL, NULL, NULL, NULL, NULL, NULL, NULL, NULL, NULL, NULL, NULL, NULL, NULL, NULL, NULL, NULL, NULL, NULL, NULL, NULL, NULL, NULL, NULL, NULL, NULL, NULL, NULL, NULL, NULL),
(137, 368, 272, 22, NULL, NULL, NULL, NULL, NULL, NULL, NULL, NULL, NULL, NULL, NULL, NULL, NULL, NULL, NULL, NULL, NULL, NULL, NULL, NULL, NULL, NULL, NULL, NULL, NULL, NULL, NULL, NULL, NULL),
(138, 369, 272, 21, NULL, NULL, NULL, NULL, NULL, NULL, NULL, NULL, NULL, NULL, NULL, NULL, NULL, NULL, NULL, NULL, NULL, NULL, NULL, NULL, NULL, NULL, NULL, NULL, NULL, NULL, NULL, NULL, NULL),
(139, 370, 272, 20, NULL, NULL, NULL, NULL, NULL, NULL, NULL, NULL, NULL, NULL, NULL, NULL, NULL, NULL, NULL, NULL, NULL, NULL, NULL, NULL, NULL, NULL, NULL, NULL, NULL, NULL, NULL, NULL, NULL),
(140, 371, 272, 19, NULL, NULL, NULL, NULL, NULL, NULL, NULL, NULL, NULL, NULL, NULL, NULL, NULL, NULL, NULL, NULL, NULL, NULL, NULL, NULL, NULL, NULL, NULL, NULL, NULL, NULL, NULL, NULL, NULL),
(141, 372, 272, 18, NULL, NULL, NULL, NULL, NULL, NULL, NULL, NULL, NULL, NULL, NULL, NULL, NULL, NULL, NULL, NULL, NULL, NULL, NULL, NULL, NULL, NULL, NULL, NULL, NULL, NULL, NULL, NULL, NULL),
(142, 373, 272, 17, NULL, NULL, NULL, NULL, NULL, NULL, NULL, NULL, NULL, NULL, NULL, NULL, NULL, NULL, NULL, NULL, NULL, NULL, NULL, NULL, NULL, NULL, NULL, NULL, NULL, NULL, NULL, NULL, NULL),
(143, 374, 272, 16, NULL, NULL, NULL, NULL, NULL, NULL, NULL, NULL, NULL, NULL, NULL, NULL, NULL, NULL, NULL, NULL, NULL, NULL, NULL, NULL, NULL, NULL, NULL, NULL, NULL, NULL, NULL, NULL, NULL),
(144, 375, 272, 15, NULL, NULL, NULL, NULL, NULL, NULL, NULL, NULL, NULL, NULL, NULL, NULL, NULL, NULL, NULL, NULL, NULL, NULL, NULL, NULL, NULL, NULL, NULL, NULL, NULL, NULL, NULL, NULL, NULL),
(145, 376, 272, 14, NULL, NULL, NULL, NULL, NULL, NULL, NULL, NULL, NULL, NULL, NULL, NULL, NULL, NULL, NULL, NULL, NULL, NULL, NULL, NULL, NULL, NULL, NULL, NULL, NULL, NULL, NULL, NULL, NULL),
(146, 377, 272, 13, NULL, NULL, NULL, NULL, NULL, NULL, NULL, NULL, NULL, NULL, NULL, NULL, NULL, NULL, NULL, NULL, NULL, NULL, NULL, NULL, NULL, NULL, NULL, NULL, NULL, NULL, NULL, NULL, NULL),
(147, 378, 272, 12, NULL, NULL, NULL, NULL, NULL, NULL, NULL, NULL, NULL, NULL, NULL, NULL, NULL, NULL, NULL, NULL, NULL, NULL, NULL, NULL, NULL, NULL, NULL, NULL, NULL, NULL, NULL, NULL, NULL),
(148, 351, 261, 1, NULL, NULL, NULL, NULL, NULL, NULL, NULL, NULL, NULL, NULL, NULL, NULL, NULL, NULL, NULL, NULL, NULL, NULL, NULL, NULL, NULL, NULL, NULL, NULL, NULL, NULL, NULL, NULL, NULL),
(149, 352, 261, 2, NULL, NULL, NULL, NULL, NULL, NULL, NULL, NULL, NULL, NULL, NULL, NULL, NULL, NULL, NULL, NULL, NULL, NULL, NULL, NULL, NULL, NULL, NULL, NULL, NULL, NULL, NULL, NULL, NULL),
(150, 353, 261, 3, NULL, NULL, NULL, NULL, NULL, NULL, NULL, NULL, NULL, NULL, NULL, NULL, NULL, NULL, NULL, NULL, NULL, NULL, NULL, NULL, NULL, NULL, NULL, NULL, NULL, NULL, NULL, NULL, NULL),
(151, 354, 261, 4, NULL, NULL, NULL, NULL, NULL, NULL, NULL, NULL, NULL, NULL, NULL, NULL, NULL, NULL, NULL, NULL, NULL, NULL, NULL, NULL, NULL, NULL, NULL, NULL, NULL, NULL, NULL, NULL, NULL),
(152, 355, 261, 5, NULL, NULL, NULL, NULL, NULL, NULL, NULL, NULL, NULL, NULL, NULL, NULL, NULL, NULL, NULL, NULL, NULL, NULL, NULL, NULL, NULL, NULL, NULL, NULL, NULL, NULL, NULL, NULL, NULL),
(153, 356, 261, 8, NULL, NULL, NULL, NULL, NULL, NULL, NULL, NULL, NULL, NULL, NULL, NULL, NULL, NULL, NULL, NULL, NULL, NULL, NULL, NULL, NULL, NULL, NULL, NULL, NULL, NULL, NULL, NULL, NULL),
(154, 357, 261, 7, NULL, NULL, NULL, NULL, NULL, NULL, NULL, NULL, NULL, NULL, NULL, NULL, NULL, NULL, NULL, NULL, NULL, NULL, NULL, NULL, NULL, NULL, NULL, NULL, NULL, NULL, NULL, NULL, NULL),
(155, 358, 261, 6, NULL, NULL, NULL, NULL, NULL, NULL, NULL, NULL, NULL, NULL, NULL, NULL, NULL, NULL, NULL, NULL, NULL, NULL, NULL, NULL, NULL, NULL, NULL, NULL, NULL, NULL, NULL, NULL, NULL),
(156, 359, 261, 10, NULL, NULL, NULL, NULL, NULL, NULL, NULL, NULL, NULL, NULL, NULL, NULL, NULL, NULL, NULL, NULL, NULL, NULL, NULL, NULL, NULL, NULL, NULL, NULL, NULL, NULL, NULL, NULL, NULL),
(157, 360, 261, 9, NULL, NULL, NULL, NULL, NULL, NULL, NULL, NULL, NULL, NULL, NULL, NULL, NULL, NULL, NULL, NULL, NULL, NULL, NULL, NULL, NULL, NULL, NULL, NULL, NULL, NULL, NULL, NULL, NULL),
(158, 361, 261, 8, NULL, NULL, NULL, NULL, NULL, NULL, NULL, NULL, NULL, NULL, NULL, NULL, NULL, NULL, NULL, NULL, NULL, NULL, NULL, NULL, NULL, NULL, NULL, NULL, NULL, NULL, NULL, NULL, NULL),
(159, 362, 261, 2, NULL, NULL, NULL, NULL, NULL, NULL, NULL, NULL, NULL, NULL, NULL, NULL, NULL, NULL, NULL, NULL, NULL, NULL, NULL, NULL, NULL, NULL, NULL, NULL, NULL, NULL, NULL, NULL, NULL),
(160, 363, 261, 1, NULL, NULL, NULL, NULL, NULL, NULL, NULL, NULL, NULL, NULL, NULL, NULL, NULL, NULL, NULL, NULL, NULL, NULL, NULL, NULL, NULL, NULL, NULL, NULL, NULL, NULL, NULL, NULL, NULL),
(161, 364, 261, 5, NULL, NULL, NULL, NULL, NULL, NULL, NULL, NULL, NULL, NULL, NULL, NULL, NULL, NULL, NULL, NULL, NULL, NULL, NULL, NULL, NULL, NULL, NULL, NULL, NULL, NULL, NULL, NULL, NULL),
(162, 365, 261, 10, NULL, NULL, NULL, NULL, NULL, NULL, NULL, NULL, NULL, NULL, NULL, NULL, NULL, NULL, NULL, NULL, NULL, NULL, NULL, NULL, NULL, NULL, NULL, NULL, NULL, NULL, NULL, NULL, NULL),
(163, 366, 261, 11, NULL, NULL, NULL, NULL, NULL, NULL, NULL, NULL, NULL, NULL, NULL, NULL, NULL, NULL, NULL, NULL, NULL, NULL, NULL, NULL, NULL, NULL, NULL, NULL, NULL, NULL, NULL, NULL, NULL),
(164, 367, 261, 23, NULL, NULL, NULL, NULL, NULL, NULL, NULL, NULL, NULL, NULL, NULL, NULL, NULL, NULL, NULL, NULL, NULL, NULL, NULL, NULL, NULL, NULL, NULL, NULL, NULL, NULL, NULL, NULL, NULL),
(165, 368, 261, 22, NULL, NULL, NULL, NULL, NULL, NULL, NULL, NULL, NULL, NULL, NULL, NULL, NULL, NULL, NULL, NULL, NULL, NULL, NULL, NULL, NULL, NULL, NULL, NULL, NULL, NULL, NULL, NULL, NULL),
(166, 369, 261, 21, NULL, NULL, NULL, NULL, NULL, NULL, NULL, NULL, NULL, NULL, NULL, NULL, NULL, NULL, NULL, NULL, NULL, NULL, NULL, NULL, NULL, NULL, NULL, NULL, NULL, NULL, NULL, NULL, NULL),
(167, 370, 261, 20, NULL, NULL, NULL, NULL, NULL, NULL, NULL, NULL, NULL, NULL, NULL, NULL, NULL, NULL, NULL, NULL, NULL, NULL, NULL, NULL, NULL, NULL, NULL, NULL, NULL, NULL, NULL, NULL, NULL),
(168, 371, 261, 19, NULL, NULL, NULL, NULL, NULL, NULL, NULL, NULL, NULL, NULL, NULL, NULL, NULL, NULL, NULL, NULL, NULL, NULL, NULL, NULL, NULL, NULL, NULL, NULL, NULL, NULL, NULL, NULL, NULL),
(169, 372, 261, 18, NULL, NULL, NULL, NULL, NULL, NULL, NULL, NULL, NULL, NULL, NULL, NULL, NULL, NULL, NULL, NULL, NULL, NULL, NULL, NULL, NULL, NULL, NULL, NULL, NULL, NULL, NULL, NULL, NULL),
(170, 373, 261, 17, NULL, NULL, NULL, NULL, NULL, NULL, NULL, NULL, NULL, NULL, NULL, NULL, NULL, NULL, NULL, NULL, NULL, NULL, NULL, NULL, NULL, NULL, NULL, NULL, NULL, NULL, NULL, NULL, NULL),
(171, 374, 261, 16, NULL, NULL, NULL, NULL, NULL, NULL, NULL, NULL, NULL, NULL, NULL, NULL, NULL, NULL, NULL, NULL, NULL, NULL, NULL, NULL, NULL, NULL, NULL, NULL, NULL, NULL, NULL, NULL, NULL),
(172, 375, 261, 15, NULL, NULL, NULL, NULL, NULL, NULL, NULL, NULL, NULL, NULL, NULL, NULL, NULL, NULL, NULL, NULL, NULL, NULL, NULL, NULL, NULL, NULL, NULL, NULL, NULL, NULL, NULL, NULL, NULL),
(173, 376, 261, 14, NULL, NULL, NULL, NULL, NULL, NULL, NULL, NULL, NULL, NULL, NULL, NULL, NULL, NULL, NULL, NULL, NULL, NULL, NULL, NULL, NULL, NULL, NULL, NULL, NULL, NULL, NULL, NULL, NULL),
(174, 377, 261, 13, NULL, NULL, NULL, NULL, NULL, NULL, NULL, NULL, NULL, NULL, NULL, NULL, NULL, NULL, NULL, NULL, NULL, NULL, NULL, NULL, NULL, NULL, NULL, NULL, NULL, NULL, NULL, NULL, NULL),
(175, 378, 261, 12, NULL, NULL, NULL, NULL, NULL, NULL, NULL, NULL, NULL, NULL, NULL, NULL, NULL, NULL, NULL, NULL, NULL, NULL, NULL, NULL, NULL, NULL, NULL, NULL, NULL, NULL, NULL, NULL, NULL),
(176, 351, 263, 1, NULL, NULL, NULL, NULL, NULL, NULL, NULL, NULL, NULL, NULL, NULL, NULL, NULL, NULL, NULL, NULL, NULL, NULL, NULL, NULL, NULL, NULL, NULL, NULL, NULL, NULL, NULL, NULL, NULL),
(177, 352, 263, 2, NULL, NULL, NULL, NULL, NULL, NULL, NULL, NULL, NULL, NULL, NULL, NULL, NULL, NULL, NULL, NULL, NULL, NULL, NULL, NULL, NULL, NULL, NULL, NULL, NULL, NULL, NULL, NULL, NULL),
(178, 353, 263, 3, NULL, NULL, NULL, NULL, NULL, NULL, NULL, NULL, NULL, NULL, NULL, NULL, NULL, NULL, NULL, NULL, NULL, NULL, NULL, NULL, NULL, NULL, NULL, NULL, NULL, NULL, NULL, NULL, NULL),
(179, 354, 263, 4, NULL, NULL, NULL, NULL, NULL, NULL, NULL, NULL, NULL, NULL, NULL, NULL, NULL, NULL, NULL, NULL, NULL, NULL, NULL, NULL, NULL, NULL, NULL, NULL, NULL, NULL, NULL, NULL, NULL),
(180, 355, 263, 5, NULL, NULL, NULL, NULL, NULL, NULL, NULL, NULL, NULL, NULL, NULL, NULL, NULL, NULL, NULL, NULL, NULL, NULL, NULL, NULL, NULL, NULL, NULL, NULL, NULL, NULL, NULL, NULL, NULL),
(181, 356, 263, 8, NULL, NULL, NULL, NULL, NULL, NULL, NULL, NULL, NULL, NULL, NULL, NULL, NULL, NULL, NULL, NULL, NULL, NULL, NULL, NULL, NULL, NULL, NULL, NULL, NULL, NULL, NULL, NULL, NULL),
(182, 357, 263, 7, NULL, NULL, NULL, NULL, NULL, NULL, NULL, NULL, NULL, NULL, NULL, NULL, NULL, NULL, NULL, NULL, NULL, NULL, NULL, NULL, NULL, NULL, NULL, NULL, NULL, NULL, NULL, NULL, NULL),
(183, 358, 263, 6, NULL, NULL, NULL, NULL, NULL, NULL, NULL, NULL, NULL, NULL, NULL, NULL, NULL, NULL, NULL, NULL, NULL, NULL, NULL, NULL, NULL, NULL, NULL, NULL, NULL, NULL, NULL, NULL, NULL),
(184, 359, 263, 10, NULL, NULL, NULL, NULL, NULL, NULL, NULL, NULL, NULL, NULL, NULL, NULL, NULL, NULL, NULL, NULL, NULL, NULL, NULL, NULL, NULL, NULL, NULL, NULL, NULL, NULL, NULL, NULL, NULL),
(185, 360, 263, 9, NULL, NULL, NULL, NULL, NULL, NULL, NULL, NULL, NULL, NULL, NULL, NULL, NULL, NULL, NULL, NULL, NULL, NULL, NULL, NULL, NULL, NULL, NULL, NULL, NULL, NULL, NULL, NULL, NULL),
(186, 361, 263, 8, NULL, NULL, NULL, NULL, NULL, NULL, NULL, NULL, NULL, NULL, NULL, NULL, NULL, NULL, NULL, NULL, NULL, NULL, NULL, NULL, NULL, NULL, NULL, NULL, NULL, NULL, NULL, NULL, NULL),
(187, 362, 263, 2, NULL, NULL, NULL, NULL, NULL, NULL, NULL, NULL, NULL, NULL, NULL, NULL, NULL, NULL, NULL, NULL, NULL, NULL, NULL, NULL, NULL, NULL, NULL, NULL, NULL, NULL, NULL, NULL, NULL),
(188, 363, 263, 1, NULL, NULL, NULL, NULL, NULL, NULL, NULL, NULL, NULL, NULL, NULL, NULL, NULL, NULL, NULL, NULL, NULL, NULL, NULL, NULL, NULL, NULL, NULL, NULL, NULL, NULL, NULL, NULL, NULL),
(189, 364, 263, 5, NULL, NULL, NULL, NULL, NULL, NULL, NULL, NULL, NULL, NULL, NULL, NULL, NULL, NULL, NULL, NULL, NULL, NULL, NULL, NULL, NULL, NULL, NULL, NULL, NULL, NULL, NULL, NULL, NULL),
(190, 365, 263, 10, NULL, NULL, NULL, NULL, NULL, NULL, NULL, NULL, NULL, NULL, NULL, NULL, NULL, NULL, NULL, NULL, NULL, NULL, NULL, NULL, NULL, NULL, NULL, NULL, NULL, NULL, NULL, NULL, NULL),
(191, 366, 263, 11, NULL, NULL, NULL, NULL, NULL, NULL, NULL, NULL, NULL, NULL, NULL, NULL, NULL, NULL, NULL, NULL, NULL, NULL, NULL, NULL, NULL, NULL, NULL, NULL, NULL, NULL, NULL, NULL, NULL),
(192, 367, 263, 23, NULL, NULL, NULL, NULL, NULL, NULL, NULL, NULL, NULL, NULL, NULL, NULL, NULL, NULL, NULL, NULL, NULL, NULL, NULL, NULL, NULL, NULL, NULL, NULL, NULL, NULL, NULL, NULL, NULL),
(193, 368, 263, 22, NULL, NULL, NULL, NULL, NULL, NULL, NULL, NULL, NULL, NULL, NULL, NULL, NULL, NULL, NULL, NULL, NULL, NULL, NULL, NULL, NULL, NULL, NULL, NULL, NULL, NULL, NULL, NULL, NULL),
(194, 369, 263, 21, NULL, NULL, NULL, NULL, NULL, NULL, NULL, NULL, NULL, NULL, NULL, NULL, NULL, NULL, NULL, NULL, NULL, NULL, NULL, NULL, NULL, NULL, NULL, NULL, NULL, NULL, NULL, NULL, NULL),
(195, 370, 263, 20, NULL, NULL, NULL, NULL, NULL, NULL, NULL, NULL, NULL, NULL, NULL, NULL, NULL, NULL, NULL, NULL, NULL, NULL, NULL, NULL, NULL, NULL, NULL, NULL, NULL, NULL, NULL, NULL, NULL),
(196, 371, 263, 19, NULL, NULL, NULL, NULL, NULL, NULL, NULL, NULL, NULL, NULL, NULL, NULL, NULL, NULL, NULL, NULL, NULL, NULL, NULL, NULL, NULL, NULL, NULL, NULL, NULL, NULL, NULL, NULL, NULL),
(197, 372, 263, 18, NULL, NULL, NULL, NULL, NULL, NULL, NULL, NULL, NULL, NULL, NULL, NULL, NULL, NULL, NULL, NULL, NULL, NULL, NULL, NULL, NULL, NULL, NULL, NULL, NULL, NULL, NULL, NULL, NULL),
(198, 373, 263, 17, NULL, NULL, NULL, NULL, NULL, NULL, NULL, NULL, NULL, NULL, NULL, NULL, NULL, NULL, NULL, NULL, NULL, NULL, NULL, NULL, NULL, NULL, NULL, NULL, NULL, NULL, NULL, NULL, NULL),
(199, 374, 263, 16, NULL, NULL, NULL, NULL, NULL, NULL, NULL, NULL, NULL, NULL, NULL, NULL, NULL, NULL, NULL, NULL, NULL, NULL, NULL, NULL, NULL, NULL, NULL, NULL, NULL, NULL, NULL, NULL, NULL),
(200, 375, 263, 15, NULL, NULL, NULL, NULL, NULL, NULL, NULL, NULL, NULL, NULL, NULL, NULL, NULL, NULL, NULL, NULL, NULL, NULL, NULL, NULL, NULL, NULL, NULL, NULL, NULL, NULL, NULL, NULL, NULL),
(201, 376, 263, 14, NULL, NULL, NULL, NULL, NULL, NULL, NULL, NULL, NULL, NULL, NULL, NULL, NULL, NULL, NULL, NULL, NULL, NULL, NULL, NULL, NULL, NULL, NULL, NULL, NULL, NULL, NULL, NULL, NULL),
(202, 377, 263, 13, NULL, NULL, NULL, NULL, NULL, NULL, NULL, NULL, NULL, NULL, NULL, NULL, NULL, NULL, NULL, NULL, NULL, NULL, NULL, NULL, NULL, NULL, NULL, NULL, NULL, NULL, NULL, NULL, NULL),
(203, 378, 263, 12, NULL, NULL, NULL, NULL, NULL, NULL, NULL, NULL, NULL, NULL, NULL, NULL, NULL, NULL, NULL, NULL, NULL, NULL, NULL, NULL, NULL, NULL, NULL, NULL, NULL, NULL, NULL, NULL, NULL),
(204, 351, 265, 1, NULL, NULL, NULL, NULL, NULL, NULL, NULL, NULL, NULL, NULL, NULL, NULL, NULL, NULL, NULL, NULL, NULL, NULL, NULL, NULL, NULL, NULL, NULL, NULL, NULL, NULL, NULL, NULL, NULL),
(205, 352, 265, 2, NULL, NULL, NULL, NULL, NULL, NULL, NULL, NULL, NULL, NULL, NULL, NULL, NULL, NULL, NULL, NULL, NULL, NULL, NULL, NULL, NULL, NULL, NULL, NULL, NULL, NULL, NULL, NULL, NULL),
(206, 353, 265, 3, NULL, NULL, NULL, NULL, NULL, NULL, NULL, NULL, NULL, NULL, NULL, NULL, NULL, NULL, NULL, NULL, NULL, NULL, NULL, NULL, NULL, NULL, NULL, NULL, NULL, NULL, NULL, NULL, NULL),
(207, 354, 265, 4, NULL, NULL, NULL, NULL, NULL, NULL, NULL, NULL, NULL, NULL, NULL, NULL, NULL, NULL, NULL, NULL, NULL, NULL, NULL, NULL, NULL, NULL, NULL, NULL, NULL, NULL, NULL, NULL, NULL),
(208, 355, 265, 5, NULL, NULL, NULL, NULL, NULL, NULL, NULL, NULL, NULL, NULL, NULL, NULL, NULL, NULL, NULL, NULL, NULL, NULL, NULL, NULL, NULL, NULL, NULL, NULL, NULL, NULL, NULL, NULL, NULL),
(209, 356, 265, 8, NULL, NULL, NULL, NULL, NULL, NULL, NULL, NULL, NULL, NULL, NULL, NULL, NULL, NULL, NULL, NULL, NULL, NULL, NULL, NULL, NULL, NULL, NULL, NULL, NULL, NULL, NULL, NULL, NULL),
(210, 357, 265, 7, NULL, NULL, NULL, NULL, NULL, NULL, NULL, NULL, NULL, NULL, NULL, NULL, NULL, NULL, NULL, NULL, NULL, NULL, NULL, NULL, NULL, NULL, NULL, NULL, NULL, NULL, NULL, NULL, NULL),
(211, 358, 265, 6, NULL, NULL, NULL, NULL, NULL, NULL, NULL, NULL, NULL, NULL, NULL, NULL, NULL, NULL, NULL, NULL, NULL, NULL, NULL, NULL, NULL, NULL, NULL, NULL, NULL, NULL, NULL, NULL, NULL),
(212, 359, 265, 10, NULL, NULL, NULL, NULL, NULL, NULL, NULL, NULL, NULL, NULL, NULL, NULL, NULL, NULL, NULL, NULL, NULL, NULL, NULL, NULL, NULL, NULL, NULL, NULL, NULL, NULL, NULL, NULL, NULL),
(213, 360, 265, 9, NULL, NULL, NULL, NULL, NULL, NULL, NULL, NULL, NULL, NULL, NULL, NULL, NULL, NULL, NULL, NULL, NULL, NULL, NULL, NULL, NULL, NULL, NULL, NULL, NULL, NULL, NULL, NULL, NULL),
(214, 361, 265, 8, NULL, NULL, NULL, NULL, NULL, NULL, NULL, NULL, NULL, NULL, NULL, NULL, NULL, NULL, NULL, NULL, NULL, NULL, NULL, NULL, NULL, NULL, NULL, NULL, NULL, NULL, NULL, NULL, NULL),
(215, 362, 265, 2, NULL, NULL, NULL, NULL, NULL, NULL, NULL, NULL, NULL, NULL, NULL, NULL, NULL, NULL, NULL, NULL, NULL, NULL, NULL, NULL, NULL, NULL, NULL, NULL, NULL, NULL, NULL, NULL, NULL),
(216, 363, 265, 1, NULL, NULL, NULL, NULL, NULL, NULL, NULL, NULL, NULL, NULL, NULL, NULL, NULL, NULL, NULL, NULL, NULL, NULL, NULL, NULL, NULL, NULL, NULL, NULL, NULL, NULL, NULL, NULL, NULL),
(217, 364, 265, 5, NULL, NULL, NULL, NULL, NULL, NULL, NULL, NULL, NULL, NULL, NULL, NULL, NULL, NULL, NULL, NULL, NULL, NULL, NULL, NULL, NULL, NULL, NULL, NULL, NULL, NULL, NULL, NULL, NULL),
(218, 365, 265, 10, NULL, NULL, NULL, NULL, NULL, NULL, NULL, NULL, NULL, NULL, NULL, NULL, NULL, NULL, NULL, NULL, NULL, NULL, NULL, NULL, NULL, NULL, NULL, NULL, NULL, NULL, NULL, NULL, NULL),
(219, 366, 265, 11, NULL, NULL, NULL, NULL, NULL, NULL, NULL, NULL, NULL, NULL, NULL, NULL, NULL, NULL, NULL, NULL, NULL, NULL, NULL, NULL, NULL, NULL, NULL, NULL, NULL, NULL, NULL, NULL, NULL),
(220, 367, 265, 23, NULL, NULL, NULL, NULL, NULL, NULL, NULL, NULL, NULL, NULL, NULL, NULL, NULL, NULL, NULL, NULL, NULL, NULL, NULL, NULL, NULL, NULL, NULL, NULL, NULL, NULL, NULL, NULL, NULL),
(221, 368, 265, 22, NULL, NULL, NULL, NULL, NULL, NULL, NULL, NULL, NULL, NULL, NULL, NULL, NULL, NULL, NULL, NULL, NULL, NULL, NULL, NULL, NULL, NULL, NULL, NULL, NULL, NULL, NULL, NULL, NULL),
(222, 369, 265, 21, NULL, NULL, NULL, NULL, NULL, NULL, NULL, NULL, NULL, NULL, NULL, NULL, NULL, NULL, NULL, NULL, NULL, NULL, NULL, NULL, NULL, NULL, NULL, NULL, NULL, NULL, NULL, NULL, NULL),
(223, 370, 265, 20, NULL, NULL, NULL, NULL, NULL, NULL, NULL, NULL, NULL, NULL, NULL, NULL, NULL, NULL, NULL, NULL, NULL, NULL, NULL, NULL, NULL, NULL, NULL, NULL, NULL, NULL, NULL, NULL, NULL),
(224, 371, 265, 19, NULL, NULL, NULL, NULL, NULL, NULL, NULL, NULL, NULL, NULL, NULL, NULL, NULL, NULL, NULL, NULL, NULL, NULL, NULL, NULL, NULL, NULL, NULL, NULL, NULL, NULL, NULL, NULL, NULL),
(225, 372, 265, 18, NULL, NULL, NULL, NULL, NULL, NULL, NULL, NULL, NULL, NULL, NULL, NULL, NULL, NULL, NULL, NULL, NULL, NULL, NULL, NULL, NULL, NULL, NULL, NULL, NULL, NULL, NULL, NULL, NULL),
(226, 373, 265, 17, NULL, NULL, NULL, NULL, NULL, NULL, NULL, NULL, NULL, NULL, NULL, NULL, NULL, NULL, NULL, NULL, NULL, NULL, NULL, NULL, NULL, NULL, NULL, NULL, NULL, NULL, NULL, NULL, NULL),
(227, 374, 265, 16, NULL, NULL, NULL, NULL, NULL, NULL, NULL, NULL, NULL, NULL, NULL, NULL, NULL, NULL, NULL, NULL, NULL, NULL, NULL, NULL, NULL, NULL, NULL, NULL, NULL, NULL, NULL, NULL, NULL),
(228, 375, 265, 15, NULL, NULL, NULL, NULL, NULL, NULL, NULL, NULL, NULL, NULL, NULL, NULL, NULL, NULL, NULL, NULL, NULL, NULL, NULL, NULL, NULL, NULL, NULL, NULL, NULL, NULL, NULL, NULL, NULL),
(229, 376, 265, 14, NULL, NULL, NULL, NULL, NULL, NULL, NULL, NULL, NULL, NULL, NULL, NULL, NULL, NULL, NULL, NULL, NULL, NULL, NULL, NULL, NULL, NULL, NULL, NULL, NULL, NULL, NULL, NULL, NULL),
(230, 377, 265, 13, NULL, NULL, NULL, NULL, NULL, NULL, NULL, NULL, NULL, NULL, NULL, NULL, NULL, NULL, NULL, NULL, NULL, NULL, NULL, NULL, NULL, NULL, NULL, NULL, NULL, NULL, NULL, NULL, NULL),
(231, 378, 265, 12, NULL, NULL, NULL, NULL, NULL, NULL, NULL, NULL, NULL, NULL, NULL, NULL, NULL, NULL, NULL, NULL, NULL, NULL, NULL, NULL, NULL, NULL, NULL, NULL, NULL, NULL, NULL, NULL, NULL),
(232, 351, 267, 1, NULL, NULL, NULL, NULL, NULL, NULL, NULL, NULL, NULL, NULL, NULL, NULL, NULL, NULL, NULL, NULL, NULL, NULL, NULL, NULL, NULL, NULL, NULL, NULL, NULL, NULL, NULL, NULL, NULL),
(233, 352, 267, 2, NULL, NULL, NULL, NULL, NULL, NULL, NULL, NULL, NULL, NULL, NULL, NULL, NULL, NULL, NULL, NULL, NULL, NULL, NULL, NULL, NULL, NULL, NULL, NULL, NULL, NULL, NULL, NULL, NULL),
(234, 353, 267, 3, NULL, NULL, NULL, NULL, NULL, NULL, NULL, NULL, NULL, NULL, NULL, NULL, NULL, NULL, NULL, NULL, NULL, NULL, NULL, NULL, NULL, NULL, NULL, NULL, NULL, NULL, NULL, NULL, NULL),
(235, 354, 267, 4, NULL, NULL, NULL, NULL, NULL, NULL, NULL, NULL, NULL, NULL, NULL, NULL, NULL, NULL, NULL, NULL, NULL, NULL, NULL, NULL, NULL, NULL, NULL, NULL, NULL, NULL, NULL, NULL, NULL),
(236, 355, 267, 5, NULL, NULL, NULL, NULL, NULL, NULL, NULL, NULL, NULL, NULL, NULL, NULL, NULL, NULL, NULL, NULL, NULL, NULL, NULL, NULL, NULL, NULL, NULL, NULL, NULL, NULL, NULL, NULL, NULL),
(237, 356, 267, 8, NULL, NULL, NULL, NULL, NULL, NULL, NULL, NULL, NULL, NULL, NULL, NULL, NULL, NULL, NULL, NULL, NULL, NULL, NULL, NULL, NULL, NULL, NULL, NULL, NULL, NULL, NULL, NULL, NULL),
(238, 357, 267, 7, NULL, NULL, NULL, NULL, NULL, NULL, NULL, NULL, NULL, NULL, NULL, NULL, NULL, NULL, NULL, NULL, NULL, NULL, NULL, NULL, NULL, NULL, NULL, NULL, NULL, NULL, NULL, NULL, NULL),
(239, 358, 267, 6, NULL, NULL, NULL, NULL, NULL, NULL, NULL, NULL, NULL, NULL, NULL, NULL, NULL, NULL, NULL, NULL, NULL, NULL, NULL, NULL, NULL, NULL, NULL, NULL, NULL, NULL, NULL, NULL, NULL),
(240, 359, 267, 10, NULL, NULL, NULL, NULL, NULL, NULL, NULL, NULL, NULL, NULL, NULL, NULL, NULL, NULL, NULL, NULL, NULL, NULL, NULL, NULL, NULL, NULL, NULL, NULL, NULL, NULL, NULL, NULL, NULL),
(241, 360, 267, 9, NULL, NULL, NULL, NULL, NULL, NULL, NULL, NULL, NULL, NULL, NULL, NULL, NULL, NULL, NULL, NULL, NULL, NULL, NULL, NULL, NULL, NULL, NULL, NULL, NULL, NULL, NULL, NULL, NULL),
(242, 361, 267, 8, NULL, NULL, NULL, NULL, NULL, NULL, NULL, NULL, NULL, NULL, NULL, NULL, NULL, NULL, NULL, NULL, NULL, NULL, NULL, NULL, NULL, NULL, NULL, NULL, NULL, NULL, NULL, NULL, NULL),
(243, 362, 267, 2, NULL, NULL, NULL, NULL, NULL, NULL, NULL, NULL, NULL, NULL, NULL, NULL, NULL, NULL, NULL, NULL, NULL, NULL, NULL, NULL, NULL, NULL, NULL, NULL, NULL, NULL, NULL, NULL, NULL),
(244, 363, 267, 1, NULL, NULL, NULL, NULL, NULL, NULL, NULL, NULL, NULL, NULL, NULL, NULL, NULL, NULL, NULL, NULL, NULL, NULL, NULL, NULL, NULL, NULL, NULL, NULL, NULL, NULL, NULL, NULL, NULL),
(245, 364, 267, 5, NULL, NULL, NULL, NULL, NULL, NULL, NULL, NULL, NULL, NULL, NULL, NULL, NULL, NULL, NULL, NULL, NULL, NULL, NULL, NULL, NULL, NULL, NULL, NULL, NULL, NULL, NULL, NULL, NULL),
(246, 365, 267, 10, NULL, NULL, NULL, NULL, NULL, NULL, NULL, NULL, NULL, NULL, NULL, NULL, NULL, NULL, NULL, NULL, NULL, NULL, NULL, NULL, NULL, NULL, NULL, NULL, NULL, NULL, NULL, NULL, NULL),
(247, 366, 267, 11, NULL, NULL, NULL, NULL, NULL, NULL, NULL, NULL, NULL, NULL, NULL, NULL, NULL, NULL, NULL, NULL, NULL, NULL, NULL, NULL, NULL, NULL, NULL, NULL, NULL, NULL, NULL, NULL, NULL),
(248, 367, 267, 23, NULL, NULL, NULL, NULL, NULL, NULL, NULL, NULL, NULL, NULL, NULL, NULL, NULL, NULL, NULL, NULL, NULL, NULL, NULL, NULL, NULL, NULL, NULL, NULL, NULL, NULL, NULL, NULL, NULL),
(249, 368, 267, 22, NULL, NULL, NULL, NULL, NULL, NULL, NULL, NULL, NULL, NULL, NULL, NULL, NULL, NULL, NULL, NULL, NULL, NULL, NULL, NULL, NULL, NULL, NULL, NULL, NULL, NULL, NULL, NULL, NULL),
(250, 369, 267, 21, NULL, NULL, NULL, NULL, NULL, NULL, NULL, NULL, NULL, NULL, NULL, NULL, NULL, NULL, NULL, NULL, NULL, NULL, NULL, NULL, NULL, NULL, NULL, NULL, NULL, NULL, NULL, NULL, NULL),
(251, 370, 267, 20, NULL, NULL, NULL, NULL, NULL, NULL, NULL, NULL, NULL, NULL, NULL, NULL, NULL, NULL, NULL, NULL, NULL, NULL, NULL, NULL, NULL, NULL, NULL, NULL, NULL, NULL, NULL, NULL, NULL),
(252, 371, 267, 19, NULL, NULL, NULL, NULL, NULL, NULL, NULL, NULL, NULL, NULL, NULL, NULL, NULL, NULL, NULL, NULL, NULL, NULL, NULL, NULL, NULL, NULL, NULL, NULL, NULL, NULL, NULL, NULL, NULL),
(253, 372, 267, 18, NULL, NULL, NULL, NULL, NULL, NULL, NULL, NULL, NULL, NULL, NULL, NULL, NULL, NULL, NULL, NULL, NULL, NULL, NULL, NULL, NULL, NULL, NULL, NULL, NULL, NULL, NULL, NULL, NULL),
(254, 373, 267, 17, NULL, NULL, NULL, NULL, NULL, NULL, NULL, NULL, NULL, NULL, NULL, NULL, NULL, NULL, NULL, NULL, NULL, NULL, NULL, NULL, NULL, NULL, NULL, NULL, NULL, NULL, NULL, NULL, NULL),
(255, 374, 267, 16, NULL, NULL, NULL, NULL, NULL, NULL, NULL, NULL, NULL, NULL, NULL, NULL, NULL, NULL, NULL, NULL, NULL, NULL, NULL, NULL, NULL, NULL, NULL, NULL, NULL, NULL, NULL, NULL, NULL),
(256, 375, 267, 15, NULL, NULL, NULL, NULL, NULL, NULL, NULL, NULL, NULL, NULL, NULL, NULL, NULL, NULL, NULL, NULL, NULL, NULL, NULL, NULL, NULL, NULL, NULL, NULL, NULL, NULL, NULL, NULL, NULL);
INSERT INTO `notas` (`id_nota`, `id_alumno`, `id_curso_materia`, `ubicacion`, `id_estado`, `valoracion_preliminar_1`, `calificacion_1`, `clases_dictadas_1`, `inasistencias_1`, `observacion_1`, `valoracion_preliminar_2`, `calificacion_2`, `clases_dictadas_2`, `inasistencias_2`, `observacion_2`, `intensificacion_1`, `diciembre`, `febrero`, `calificacion_final`, `marzo_asistencia`, `marzo_valoracion`, `julio_asistencia`, `julio_valoracion`, `agosto_asistencia`, `agosto_valoracion`, `noviembre_asistencia`, `noviembre_valoracion`, `diciembre_asistencia`, `diciembre_valoracion`, `febrero_asistencia`, `febrero_valoracion`, `anio_adeuda`, `materia_adeuda`) VALUES
(257, 376, 267, 14, NULL, NULL, NULL, NULL, NULL, NULL, NULL, NULL, NULL, NULL, NULL, NULL, NULL, NULL, NULL, NULL, NULL, NULL, NULL, NULL, NULL, NULL, NULL, NULL, NULL, NULL, NULL, NULL, NULL),
(258, 377, 267, 13, NULL, NULL, NULL, NULL, NULL, NULL, NULL, NULL, NULL, NULL, NULL, NULL, NULL, NULL, NULL, NULL, NULL, NULL, NULL, NULL, NULL, NULL, NULL, NULL, NULL, NULL, NULL, NULL, NULL),
(259, 378, 267, 12, NULL, NULL, NULL, NULL, NULL, NULL, NULL, NULL, NULL, NULL, NULL, NULL, NULL, NULL, NULL, NULL, NULL, NULL, NULL, NULL, NULL, NULL, NULL, NULL, NULL, NULL, NULL, NULL, NULL),
(260, 351, 271, 1, NULL, NULL, NULL, NULL, NULL, NULL, NULL, NULL, NULL, NULL, NULL, NULL, NULL, NULL, NULL, NULL, NULL, NULL, NULL, NULL, NULL, NULL, NULL, NULL, NULL, NULL, NULL, NULL, NULL),
(261, 352, 271, 2, NULL, NULL, NULL, NULL, NULL, NULL, NULL, NULL, NULL, NULL, NULL, NULL, NULL, NULL, NULL, NULL, NULL, NULL, NULL, NULL, NULL, NULL, NULL, NULL, NULL, NULL, NULL, NULL, NULL),
(262, 353, 271, 3, NULL, NULL, NULL, NULL, NULL, NULL, NULL, NULL, NULL, NULL, NULL, NULL, NULL, NULL, NULL, NULL, NULL, NULL, NULL, NULL, NULL, NULL, NULL, NULL, NULL, NULL, NULL, NULL, NULL),
(263, 354, 271, 4, NULL, NULL, NULL, NULL, NULL, NULL, NULL, NULL, NULL, NULL, NULL, NULL, NULL, NULL, NULL, NULL, NULL, NULL, NULL, NULL, NULL, NULL, NULL, NULL, NULL, NULL, NULL, NULL, NULL),
(264, 355, 271, 5, NULL, NULL, NULL, NULL, NULL, NULL, NULL, NULL, NULL, NULL, NULL, NULL, NULL, NULL, NULL, NULL, NULL, NULL, NULL, NULL, NULL, NULL, NULL, NULL, NULL, NULL, NULL, NULL, NULL),
(265, 356, 271, 8, NULL, NULL, NULL, NULL, NULL, NULL, NULL, NULL, NULL, NULL, NULL, NULL, NULL, NULL, NULL, NULL, NULL, NULL, NULL, NULL, NULL, NULL, NULL, NULL, NULL, NULL, NULL, NULL, NULL),
(266, 357, 271, 7, NULL, NULL, NULL, NULL, NULL, NULL, NULL, NULL, NULL, NULL, NULL, NULL, NULL, NULL, NULL, NULL, NULL, NULL, NULL, NULL, NULL, NULL, NULL, NULL, NULL, NULL, NULL, NULL, NULL),
(267, 358, 271, 6, NULL, NULL, NULL, NULL, NULL, NULL, NULL, NULL, NULL, NULL, NULL, NULL, NULL, NULL, NULL, NULL, NULL, NULL, NULL, NULL, NULL, NULL, NULL, NULL, NULL, NULL, NULL, NULL, NULL),
(268, 359, 271, 10, NULL, NULL, NULL, NULL, NULL, NULL, NULL, NULL, NULL, NULL, NULL, NULL, NULL, NULL, NULL, NULL, NULL, NULL, NULL, NULL, NULL, NULL, NULL, NULL, NULL, NULL, NULL, NULL, NULL),
(269, 360, 271, 9, NULL, NULL, NULL, NULL, NULL, NULL, NULL, NULL, NULL, NULL, NULL, NULL, NULL, NULL, NULL, NULL, NULL, NULL, NULL, NULL, NULL, NULL, NULL, NULL, NULL, NULL, NULL, NULL, NULL),
(270, 361, 271, 8, NULL, NULL, NULL, NULL, NULL, NULL, NULL, NULL, NULL, NULL, NULL, NULL, NULL, NULL, NULL, NULL, NULL, NULL, NULL, NULL, NULL, NULL, NULL, NULL, NULL, NULL, NULL, NULL, NULL),
(271, 362, 271, 2, NULL, NULL, NULL, NULL, NULL, NULL, NULL, NULL, NULL, NULL, NULL, NULL, NULL, NULL, NULL, NULL, NULL, NULL, NULL, NULL, NULL, NULL, NULL, NULL, NULL, NULL, NULL, NULL, NULL),
(272, 363, 271, 1, NULL, NULL, NULL, NULL, NULL, NULL, NULL, NULL, NULL, NULL, NULL, NULL, NULL, NULL, NULL, NULL, NULL, NULL, NULL, NULL, NULL, NULL, NULL, NULL, NULL, NULL, NULL, NULL, NULL),
(273, 364, 271, 5, NULL, NULL, NULL, NULL, NULL, NULL, NULL, NULL, NULL, NULL, NULL, NULL, NULL, NULL, NULL, NULL, NULL, NULL, NULL, NULL, NULL, NULL, NULL, NULL, NULL, NULL, NULL, NULL, NULL),
(274, 365, 271, 10, NULL, NULL, NULL, NULL, NULL, NULL, NULL, NULL, NULL, NULL, NULL, NULL, NULL, NULL, NULL, NULL, NULL, NULL, NULL, NULL, NULL, NULL, NULL, NULL, NULL, NULL, NULL, NULL, NULL),
(275, 366, 271, 11, NULL, NULL, NULL, NULL, NULL, NULL, NULL, NULL, NULL, NULL, NULL, NULL, NULL, NULL, NULL, NULL, NULL, NULL, NULL, NULL, NULL, NULL, NULL, NULL, NULL, NULL, NULL, NULL, NULL),
(276, 367, 271, 23, NULL, NULL, NULL, NULL, NULL, NULL, NULL, NULL, NULL, NULL, NULL, NULL, NULL, NULL, NULL, NULL, NULL, NULL, NULL, NULL, NULL, NULL, NULL, NULL, NULL, NULL, NULL, NULL, NULL),
(277, 368, 271, 22, NULL, NULL, NULL, NULL, NULL, NULL, NULL, NULL, NULL, NULL, NULL, NULL, NULL, NULL, NULL, NULL, NULL, NULL, NULL, NULL, NULL, NULL, NULL, NULL, NULL, NULL, NULL, NULL, NULL),
(278, 369, 271, 21, NULL, NULL, NULL, NULL, NULL, NULL, NULL, NULL, NULL, NULL, NULL, NULL, NULL, NULL, NULL, NULL, NULL, NULL, NULL, NULL, NULL, NULL, NULL, NULL, NULL, NULL, NULL, NULL, NULL),
(279, 370, 271, 20, NULL, NULL, NULL, NULL, NULL, NULL, NULL, NULL, NULL, NULL, NULL, NULL, NULL, NULL, NULL, NULL, NULL, NULL, NULL, NULL, NULL, NULL, NULL, NULL, NULL, NULL, NULL, NULL, NULL),
(280, 371, 271, 19, NULL, NULL, NULL, NULL, NULL, NULL, NULL, NULL, NULL, NULL, NULL, NULL, NULL, NULL, NULL, NULL, NULL, NULL, NULL, NULL, NULL, NULL, NULL, NULL, NULL, NULL, NULL, NULL, NULL),
(281, 372, 271, 18, NULL, NULL, NULL, NULL, NULL, NULL, NULL, NULL, NULL, NULL, NULL, NULL, NULL, NULL, NULL, NULL, NULL, NULL, NULL, NULL, NULL, NULL, NULL, NULL, NULL, NULL, NULL, NULL, NULL),
(282, 373, 271, 17, NULL, NULL, NULL, NULL, NULL, NULL, NULL, NULL, NULL, NULL, NULL, NULL, NULL, NULL, NULL, NULL, NULL, NULL, NULL, NULL, NULL, NULL, NULL, NULL, NULL, NULL, NULL, NULL, NULL),
(283, 374, 271, 16, NULL, NULL, NULL, NULL, NULL, NULL, NULL, NULL, NULL, NULL, NULL, NULL, NULL, NULL, NULL, NULL, NULL, NULL, NULL, NULL, NULL, NULL, NULL, NULL, NULL, NULL, NULL, NULL, NULL),
(284, 375, 271, 15, NULL, NULL, NULL, NULL, NULL, NULL, NULL, NULL, NULL, NULL, NULL, NULL, NULL, NULL, NULL, NULL, NULL, NULL, NULL, NULL, NULL, NULL, NULL, NULL, NULL, NULL, NULL, NULL, NULL),
(285, 376, 271, 14, NULL, NULL, NULL, NULL, NULL, NULL, NULL, NULL, NULL, NULL, NULL, NULL, NULL, NULL, NULL, NULL, NULL, NULL, NULL, NULL, NULL, NULL, NULL, NULL, NULL, NULL, NULL, NULL, NULL),
(286, 377, 271, 13, NULL, NULL, NULL, NULL, NULL, NULL, NULL, NULL, NULL, NULL, NULL, NULL, NULL, NULL, NULL, NULL, NULL, NULL, NULL, NULL, NULL, NULL, NULL, NULL, NULL, NULL, NULL, NULL, NULL),
(287, 378, 271, 12, NULL, NULL, NULL, NULL, NULL, NULL, NULL, NULL, NULL, NULL, NULL, NULL, NULL, NULL, NULL, NULL, NULL, NULL, NULL, NULL, NULL, NULL, NULL, NULL, NULL, NULL, NULL, NULL, NULL),
(288, 351, 274, 1, NULL, NULL, NULL, NULL, NULL, NULL, NULL, NULL, NULL, NULL, NULL, NULL, NULL, NULL, NULL, NULL, NULL, NULL, NULL, NULL, NULL, NULL, NULL, NULL, NULL, NULL, NULL, NULL, NULL),
(289, 352, 274, 2, NULL, NULL, NULL, NULL, NULL, NULL, NULL, NULL, NULL, NULL, NULL, NULL, NULL, NULL, NULL, NULL, NULL, NULL, NULL, NULL, NULL, NULL, NULL, NULL, NULL, NULL, NULL, NULL, NULL),
(290, 353, 274, 3, NULL, NULL, NULL, NULL, NULL, NULL, NULL, NULL, NULL, NULL, NULL, NULL, NULL, NULL, NULL, NULL, NULL, NULL, NULL, NULL, NULL, NULL, NULL, NULL, NULL, NULL, NULL, NULL, NULL),
(291, 354, 274, 4, NULL, NULL, NULL, NULL, NULL, NULL, NULL, NULL, NULL, NULL, NULL, NULL, NULL, NULL, NULL, NULL, NULL, NULL, NULL, NULL, NULL, NULL, NULL, NULL, NULL, NULL, NULL, NULL, NULL),
(292, 355, 274, 5, NULL, NULL, NULL, NULL, NULL, NULL, NULL, NULL, NULL, NULL, NULL, NULL, NULL, NULL, NULL, NULL, NULL, NULL, NULL, NULL, NULL, NULL, NULL, NULL, NULL, NULL, NULL, NULL, NULL),
(293, 356, 274, 8, NULL, NULL, NULL, NULL, NULL, NULL, NULL, NULL, NULL, NULL, NULL, NULL, NULL, NULL, NULL, NULL, NULL, NULL, NULL, NULL, NULL, NULL, NULL, NULL, NULL, NULL, NULL, NULL, NULL),
(294, 357, 274, 7, NULL, NULL, NULL, NULL, NULL, NULL, NULL, NULL, NULL, NULL, NULL, NULL, NULL, NULL, NULL, NULL, NULL, NULL, NULL, NULL, NULL, NULL, NULL, NULL, NULL, NULL, NULL, NULL, NULL),
(295, 358, 274, 6, NULL, NULL, NULL, NULL, NULL, NULL, NULL, NULL, NULL, NULL, NULL, NULL, NULL, NULL, NULL, NULL, NULL, NULL, NULL, NULL, NULL, NULL, NULL, NULL, NULL, NULL, NULL, NULL, NULL),
(296, 359, 274, 10, NULL, NULL, NULL, NULL, NULL, NULL, NULL, NULL, NULL, NULL, NULL, NULL, NULL, NULL, NULL, NULL, NULL, NULL, NULL, NULL, NULL, NULL, NULL, NULL, NULL, NULL, NULL, NULL, NULL),
(297, 360, 274, 9, NULL, NULL, NULL, NULL, NULL, NULL, NULL, NULL, NULL, NULL, NULL, NULL, NULL, NULL, NULL, NULL, NULL, NULL, NULL, NULL, NULL, NULL, NULL, NULL, NULL, NULL, NULL, NULL, NULL),
(298, 361, 274, 8, NULL, NULL, NULL, NULL, NULL, NULL, NULL, NULL, NULL, NULL, NULL, NULL, NULL, NULL, NULL, NULL, NULL, NULL, NULL, NULL, NULL, NULL, NULL, NULL, NULL, NULL, NULL, NULL, NULL),
(299, 362, 274, 2, NULL, NULL, NULL, NULL, NULL, NULL, NULL, NULL, NULL, NULL, NULL, NULL, NULL, NULL, NULL, NULL, NULL, NULL, NULL, NULL, NULL, NULL, NULL, NULL, NULL, NULL, NULL, NULL, NULL),
(300, 363, 274, 1, NULL, NULL, NULL, NULL, NULL, NULL, NULL, NULL, NULL, NULL, NULL, NULL, NULL, NULL, NULL, NULL, NULL, NULL, NULL, NULL, NULL, NULL, NULL, NULL, NULL, NULL, NULL, NULL, NULL),
(301, 364, 274, 5, NULL, NULL, NULL, NULL, NULL, NULL, NULL, NULL, NULL, NULL, NULL, NULL, NULL, NULL, NULL, NULL, NULL, NULL, NULL, NULL, NULL, NULL, NULL, NULL, NULL, NULL, NULL, NULL, NULL),
(302, 365, 274, 10, NULL, NULL, NULL, NULL, NULL, NULL, NULL, NULL, NULL, NULL, NULL, NULL, NULL, NULL, NULL, NULL, NULL, NULL, NULL, NULL, NULL, NULL, NULL, NULL, NULL, NULL, NULL, NULL, NULL),
(303, 366, 274, 11, NULL, NULL, NULL, NULL, NULL, NULL, NULL, NULL, NULL, NULL, NULL, NULL, NULL, NULL, NULL, NULL, NULL, NULL, NULL, NULL, NULL, NULL, NULL, NULL, NULL, NULL, NULL, NULL, NULL),
(304, 367, 274, 23, NULL, NULL, NULL, NULL, NULL, NULL, NULL, NULL, NULL, NULL, NULL, NULL, NULL, NULL, NULL, NULL, NULL, NULL, NULL, NULL, NULL, NULL, NULL, NULL, NULL, NULL, NULL, NULL, NULL),
(305, 368, 274, 22, NULL, NULL, NULL, NULL, NULL, NULL, NULL, NULL, NULL, NULL, NULL, NULL, NULL, NULL, NULL, NULL, NULL, NULL, NULL, NULL, NULL, NULL, NULL, NULL, NULL, NULL, NULL, NULL, NULL),
(306, 369, 274, 21, NULL, NULL, NULL, NULL, NULL, NULL, NULL, NULL, NULL, NULL, NULL, NULL, NULL, NULL, NULL, NULL, NULL, NULL, NULL, NULL, NULL, NULL, NULL, NULL, NULL, NULL, NULL, NULL, NULL),
(307, 370, 274, 20, NULL, NULL, NULL, NULL, NULL, NULL, NULL, NULL, NULL, NULL, NULL, NULL, NULL, NULL, NULL, NULL, NULL, NULL, NULL, NULL, NULL, NULL, NULL, NULL, NULL, NULL, NULL, NULL, NULL),
(308, 371, 274, 19, NULL, NULL, NULL, NULL, NULL, NULL, NULL, NULL, NULL, NULL, NULL, NULL, NULL, NULL, NULL, NULL, NULL, NULL, NULL, NULL, NULL, NULL, NULL, NULL, NULL, NULL, NULL, NULL, NULL),
(309, 372, 274, 18, NULL, NULL, NULL, NULL, NULL, NULL, NULL, NULL, NULL, NULL, NULL, NULL, NULL, NULL, NULL, NULL, NULL, NULL, NULL, NULL, NULL, NULL, NULL, NULL, NULL, NULL, NULL, NULL, NULL),
(310, 373, 274, 17, NULL, NULL, NULL, NULL, NULL, NULL, NULL, NULL, NULL, NULL, NULL, NULL, NULL, NULL, NULL, NULL, NULL, NULL, NULL, NULL, NULL, NULL, NULL, NULL, NULL, NULL, NULL, NULL, NULL),
(311, 374, 274, 16, NULL, NULL, NULL, NULL, NULL, NULL, NULL, NULL, NULL, NULL, NULL, NULL, NULL, NULL, NULL, NULL, NULL, NULL, NULL, NULL, NULL, NULL, NULL, NULL, NULL, NULL, NULL, NULL, NULL),
(312, 375, 274, 15, NULL, NULL, NULL, NULL, NULL, NULL, NULL, NULL, NULL, NULL, NULL, NULL, NULL, NULL, NULL, NULL, NULL, NULL, NULL, NULL, NULL, NULL, NULL, NULL, NULL, NULL, NULL, NULL, NULL),
(313, 376, 274, 14, NULL, NULL, NULL, NULL, NULL, NULL, NULL, NULL, NULL, NULL, NULL, NULL, NULL, NULL, NULL, NULL, NULL, NULL, NULL, NULL, NULL, NULL, NULL, NULL, NULL, NULL, NULL, NULL, NULL),
(314, 377, 274, 13, NULL, NULL, NULL, NULL, NULL, NULL, NULL, NULL, NULL, NULL, NULL, NULL, NULL, NULL, NULL, NULL, NULL, NULL, NULL, NULL, NULL, NULL, NULL, NULL, NULL, NULL, NULL, NULL, NULL),
(315, 378, 274, 12, NULL, NULL, NULL, NULL, NULL, NULL, NULL, NULL, NULL, NULL, NULL, NULL, NULL, NULL, NULL, NULL, NULL, NULL, NULL, NULL, NULL, NULL, NULL, NULL, NULL, NULL, NULL, NULL, NULL),
(316, 351, 276, NULL, NULL, NULL, NULL, NULL, NULL, NULL, NULL, NULL, NULL, NULL, NULL, NULL, NULL, NULL, NULL, NULL, NULL, NULL, NULL, NULL, NULL, NULL, NULL, NULL, NULL, NULL, NULL, NULL, NULL),
(317, 352, 276, NULL, NULL, NULL, NULL, NULL, NULL, NULL, NULL, NULL, NULL, NULL, NULL, NULL, NULL, NULL, NULL, NULL, NULL, NULL, NULL, NULL, NULL, NULL, NULL, NULL, NULL, NULL, NULL, NULL, NULL),
(318, 353, 276, NULL, NULL, NULL, NULL, NULL, NULL, NULL, NULL, NULL, NULL, NULL, NULL, NULL, NULL, NULL, NULL, NULL, NULL, NULL, NULL, NULL, NULL, NULL, NULL, NULL, NULL, NULL, NULL, NULL, NULL),
(319, 354, 276, NULL, NULL, NULL, NULL, NULL, NULL, NULL, NULL, NULL, NULL, NULL, NULL, NULL, NULL, NULL, NULL, NULL, NULL, NULL, NULL, NULL, NULL, NULL, NULL, NULL, NULL, NULL, NULL, NULL, NULL),
(320, 355, 276, NULL, NULL, NULL, NULL, NULL, NULL, NULL, NULL, NULL, NULL, NULL, NULL, NULL, NULL, NULL, NULL, NULL, NULL, NULL, NULL, NULL, NULL, NULL, NULL, NULL, NULL, NULL, NULL, NULL, NULL),
(321, 356, 276, NULL, NULL, NULL, NULL, NULL, NULL, NULL, NULL, NULL, NULL, NULL, NULL, NULL, NULL, NULL, NULL, NULL, NULL, NULL, NULL, NULL, NULL, NULL, NULL, NULL, NULL, NULL, NULL, NULL, NULL),
(322, 357, 276, NULL, NULL, NULL, NULL, NULL, NULL, NULL, NULL, NULL, NULL, NULL, NULL, NULL, NULL, NULL, NULL, NULL, NULL, NULL, NULL, NULL, NULL, NULL, NULL, NULL, NULL, NULL, NULL, NULL, NULL),
(323, 358, 276, NULL, NULL, NULL, NULL, NULL, NULL, NULL, NULL, NULL, NULL, NULL, NULL, NULL, NULL, NULL, NULL, NULL, NULL, NULL, NULL, NULL, NULL, NULL, NULL, NULL, NULL, NULL, NULL, NULL, NULL),
(324, 359, 276, NULL, NULL, NULL, NULL, NULL, NULL, NULL, NULL, NULL, NULL, NULL, NULL, NULL, NULL, NULL, NULL, NULL, NULL, NULL, NULL, NULL, NULL, NULL, NULL, NULL, NULL, NULL, NULL, NULL, NULL),
(325, 360, 276, NULL, NULL, NULL, NULL, NULL, NULL, NULL, NULL, NULL, NULL, NULL, NULL, NULL, NULL, NULL, NULL, NULL, NULL, NULL, NULL, NULL, NULL, NULL, NULL, NULL, NULL, NULL, NULL, NULL, NULL),
(326, 361, 276, NULL, NULL, NULL, NULL, NULL, NULL, NULL, NULL, NULL, NULL, NULL, NULL, NULL, NULL, NULL, NULL, NULL, NULL, NULL, NULL, NULL, NULL, NULL, NULL, NULL, NULL, NULL, NULL, NULL, NULL),
(327, 362, 276, NULL, NULL, NULL, NULL, NULL, NULL, NULL, NULL, NULL, NULL, NULL, NULL, NULL, NULL, NULL, NULL, NULL, NULL, NULL, NULL, NULL, NULL, NULL, NULL, NULL, NULL, NULL, NULL, NULL, NULL),
(328, 363, 276, NULL, NULL, NULL, NULL, NULL, NULL, NULL, NULL, NULL, NULL, NULL, NULL, NULL, NULL, NULL, NULL, NULL, NULL, NULL, NULL, NULL, NULL, NULL, NULL, NULL, NULL, NULL, NULL, NULL, NULL),
(329, 364, 276, NULL, NULL, NULL, NULL, NULL, NULL, NULL, NULL, NULL, NULL, NULL, NULL, NULL, NULL, NULL, NULL, NULL, NULL, NULL, NULL, NULL, NULL, NULL, NULL, NULL, NULL, NULL, NULL, NULL, NULL),
(330, 365, 276, NULL, NULL, NULL, NULL, NULL, NULL, NULL, NULL, NULL, NULL, NULL, NULL, NULL, NULL, NULL, NULL, NULL, NULL, NULL, NULL, NULL, NULL, NULL, NULL, NULL, NULL, NULL, NULL, NULL, NULL),
(331, 366, 276, NULL, NULL, NULL, NULL, NULL, NULL, NULL, NULL, NULL, NULL, NULL, NULL, NULL, NULL, NULL, NULL, NULL, NULL, NULL, NULL, NULL, NULL, NULL, NULL, NULL, NULL, NULL, NULL, NULL, NULL),
(332, 367, 276, NULL, NULL, NULL, NULL, NULL, NULL, NULL, NULL, NULL, NULL, NULL, NULL, NULL, NULL, NULL, NULL, NULL, NULL, NULL, NULL, NULL, NULL, NULL, NULL, NULL, NULL, NULL, NULL, NULL, NULL),
(333, 368, 276, NULL, NULL, NULL, NULL, NULL, NULL, NULL, NULL, NULL, NULL, NULL, NULL, NULL, NULL, NULL, NULL, NULL, NULL, NULL, NULL, NULL, NULL, NULL, NULL, NULL, NULL, NULL, NULL, NULL, NULL),
(334, 369, 276, NULL, NULL, NULL, NULL, NULL, NULL, NULL, NULL, NULL, NULL, NULL, NULL, NULL, NULL, NULL, NULL, NULL, NULL, NULL, NULL, NULL, NULL, NULL, NULL, NULL, NULL, NULL, NULL, NULL, NULL),
(335, 370, 276, NULL, NULL, NULL, NULL, NULL, NULL, NULL, NULL, NULL, NULL, NULL, NULL, NULL, NULL, NULL, NULL, NULL, NULL, NULL, NULL, NULL, NULL, NULL, NULL, NULL, NULL, NULL, NULL, NULL, NULL),
(336, 371, 276, NULL, NULL, NULL, NULL, NULL, NULL, NULL, NULL, NULL, NULL, NULL, NULL, NULL, NULL, NULL, NULL, NULL, NULL, NULL, NULL, NULL, NULL, NULL, NULL, NULL, NULL, NULL, NULL, NULL, NULL),
(337, 372, 276, NULL, NULL, NULL, NULL, NULL, NULL, NULL, NULL, NULL, NULL, NULL, NULL, NULL, NULL, NULL, NULL, NULL, NULL, NULL, NULL, NULL, NULL, NULL, NULL, NULL, NULL, NULL, NULL, NULL, NULL),
(338, 373, 276, NULL, NULL, NULL, NULL, NULL, NULL, NULL, NULL, NULL, NULL, NULL, NULL, NULL, NULL, NULL, NULL, NULL, NULL, NULL, NULL, NULL, NULL, NULL, NULL, NULL, NULL, NULL, NULL, NULL, NULL),
(339, 374, 276, NULL, NULL, NULL, NULL, NULL, NULL, NULL, NULL, NULL, NULL, NULL, NULL, NULL, NULL, NULL, NULL, NULL, NULL, NULL, NULL, NULL, NULL, NULL, NULL, NULL, NULL, NULL, NULL, NULL, NULL),
(340, 375, 276, NULL, NULL, NULL, NULL, NULL, NULL, NULL, NULL, NULL, NULL, NULL, NULL, NULL, NULL, NULL, NULL, NULL, NULL, NULL, NULL, NULL, NULL, NULL, NULL, NULL, NULL, NULL, NULL, NULL, NULL),
(341, 376, 276, NULL, NULL, NULL, NULL, NULL, NULL, NULL, NULL, NULL, NULL, NULL, NULL, NULL, NULL, NULL, NULL, NULL, NULL, NULL, NULL, NULL, NULL, NULL, NULL, NULL, NULL, NULL, NULL, NULL, NULL),
(342, 377, 276, NULL, NULL, NULL, NULL, NULL, NULL, NULL, NULL, NULL, NULL, NULL, NULL, NULL, NULL, NULL, NULL, NULL, NULL, NULL, NULL, NULL, NULL, NULL, NULL, NULL, NULL, NULL, NULL, NULL, NULL),
(343, 378, 276, NULL, NULL, NULL, NULL, NULL, NULL, NULL, NULL, NULL, NULL, NULL, NULL, NULL, NULL, NULL, NULL, NULL, NULL, NULL, NULL, NULL, NULL, NULL, NULL, NULL, NULL, NULL, NULL, NULL, NULL),
(344, 317, 277, NULL, 3, NULL, NULL, NULL, NULL, NULL, NULL, NULL, NULL, NULL, NULL, NULL, NULL, NULL, NULL, NULL, NULL, NULL, NULL, NULL, NULL, NULL, NULL, NULL, NULL, NULL, NULL, 5, 'Sistema de Información Contable'),
(345, 317, 270, NULL, 3, NULL, NULL, NULL, NULL, NULL, NULL, NULL, NULL, NULL, NULL, NULL, NULL, NULL, NULL, NULL, NULL, NULL, NULL, NULL, NULL, NULL, NULL, NULL, NULL, NULL, NULL, 5, 'Micro y Macro Economía'),
(346, 281, 257, NULL, NULL, NULL, NULL, NULL, NULL, NULL, NULL, NULL, NULL, NULL, NULL, NULL, NULL, NULL, NULL, NULL, NULL, NULL, NULL, NULL, NULL, NULL, NULL, NULL, NULL, NULL, NULL, NULL, NULL),
(347, 1, 161, 16, NULL, 'TEP', '4.00', NULL, NULL, 11, 'TEP', '6.00', NULL, NULL, 6, '7', '4', NULL, '4.00', NULL, NULL, NULL, NULL, NULL, NULL, NULL, NULL, NULL, NULL, NULL, NULL, NULL, NULL),
(349, 2, 161, 8, NULL, NULL, NULL, NULL, NULL, NULL, NULL, NULL, NULL, NULL, NULL, NULL, NULL, NULL, NULL, NULL, NULL, NULL, NULL, NULL, NULL, NULL, NULL, NULL, NULL, NULL, NULL, NULL, NULL),
(350, 3, 161, 8, NULL, NULL, NULL, NULL, NULL, NULL, NULL, NULL, NULL, NULL, NULL, NULL, NULL, NULL, NULL, NULL, NULL, NULL, NULL, NULL, NULL, NULL, NULL, NULL, NULL, NULL, NULL, NULL, NULL),
(351, 4, 161, 14, NULL, NULL, NULL, NULL, NULL, NULL, NULL, NULL, NULL, NULL, NULL, NULL, NULL, NULL, NULL, NULL, NULL, NULL, NULL, NULL, NULL, NULL, NULL, NULL, NULL, NULL, NULL, NULL, NULL),
(352, 5, 161, 13, NULL, NULL, NULL, NULL, NULL, NULL, NULL, NULL, NULL, NULL, NULL, NULL, NULL, NULL, NULL, NULL, NULL, NULL, NULL, NULL, NULL, NULL, NULL, NULL, NULL, NULL, NULL, NULL, NULL),
(353, 6, 161, 17, NULL, NULL, NULL, NULL, NULL, NULL, NULL, NULL, NULL, NULL, NULL, NULL, NULL, NULL, NULL, NULL, NULL, NULL, NULL, NULL, NULL, NULL, NULL, NULL, NULL, NULL, NULL, NULL, NULL),
(354, 7, 161, 9, NULL, NULL, NULL, NULL, NULL, NULL, NULL, NULL, NULL, NULL, NULL, NULL, NULL, NULL, NULL, NULL, NULL, NULL, NULL, NULL, NULL, NULL, NULL, NULL, NULL, NULL, NULL, NULL, NULL),
(355, 8, 161, 10, NULL, NULL, NULL, NULL, NULL, NULL, NULL, NULL, NULL, NULL, NULL, NULL, NULL, NULL, NULL, NULL, NULL, NULL, NULL, NULL, NULL, NULL, NULL, NULL, NULL, NULL, NULL, NULL, NULL),
(356, 9, 161, 4, NULL, NULL, NULL, NULL, NULL, NULL, NULL, NULL, NULL, NULL, NULL, NULL, NULL, NULL, NULL, NULL, NULL, NULL, NULL, NULL, NULL, NULL, NULL, NULL, NULL, NULL, NULL, NULL, NULL),
(357, 10, 161, 16, NULL, NULL, NULL, NULL, NULL, NULL, NULL, NULL, NULL, NULL, NULL, NULL, NULL, NULL, NULL, NULL, NULL, NULL, NULL, NULL, NULL, NULL, NULL, NULL, NULL, NULL, NULL, NULL, NULL),
(358, 11, 161, 3, NULL, NULL, NULL, NULL, NULL, NULL, NULL, NULL, NULL, NULL, NULL, NULL, NULL, NULL, NULL, NULL, NULL, NULL, NULL, NULL, NULL, NULL, NULL, NULL, NULL, NULL, NULL, NULL, NULL),
(359, 12, 161, 6, NULL, NULL, NULL, NULL, NULL, NULL, NULL, NULL, NULL, NULL, NULL, NULL, NULL, NULL, NULL, NULL, NULL, NULL, NULL, NULL, NULL, NULL, NULL, NULL, NULL, NULL, NULL, NULL, NULL),
(360, 29, 161, 6, NULL, NULL, NULL, NULL, NULL, NULL, NULL, NULL, NULL, NULL, NULL, NULL, NULL, NULL, NULL, NULL, NULL, NULL, NULL, NULL, NULL, NULL, NULL, NULL, NULL, NULL, NULL, NULL, NULL),
(361, 13, 161, 2, NULL, NULL, NULL, NULL, NULL, NULL, NULL, NULL, NULL, NULL, NULL, NULL, NULL, NULL, NULL, NULL, NULL, NULL, NULL, NULL, NULL, NULL, NULL, NULL, NULL, NULL, NULL, NULL, NULL),
(362, 14, 161, 18, NULL, NULL, NULL, NULL, NULL, NULL, NULL, NULL, NULL, NULL, NULL, NULL, NULL, NULL, NULL, NULL, NULL, NULL, NULL, NULL, NULL, NULL, NULL, NULL, NULL, NULL, NULL, NULL, NULL),
(363, 15, 161, 4, NULL, NULL, NULL, NULL, NULL, NULL, NULL, NULL, NULL, NULL, NULL, NULL, NULL, NULL, NULL, NULL, NULL, NULL, NULL, NULL, NULL, NULL, NULL, NULL, NULL, NULL, NULL, NULL, NULL),
(364, 16, 161, 11, NULL, NULL, NULL, NULL, NULL, NULL, NULL, NULL, NULL, NULL, NULL, NULL, NULL, NULL, NULL, NULL, NULL, NULL, NULL, NULL, NULL, NULL, NULL, NULL, NULL, NULL, NULL, NULL, NULL),
(365, 17, 161, 15, NULL, NULL, NULL, NULL, NULL, NULL, NULL, NULL, NULL, NULL, NULL, NULL, NULL, NULL, NULL, NULL, NULL, NULL, NULL, NULL, NULL, NULL, NULL, NULL, NULL, NULL, NULL, NULL, NULL),
(366, 18, 161, 19, NULL, NULL, NULL, NULL, NULL, NULL, NULL, NULL, NULL, NULL, NULL, NULL, NULL, NULL, NULL, NULL, NULL, NULL, NULL, NULL, NULL, NULL, NULL, NULL, NULL, NULL, NULL, NULL, NULL),
(367, 19, 161, 13, NULL, NULL, NULL, NULL, NULL, NULL, NULL, NULL, NULL, NULL, NULL, NULL, NULL, NULL, NULL, NULL, NULL, NULL, NULL, NULL, NULL, NULL, NULL, NULL, NULL, NULL, NULL, NULL, NULL),
(368, 20, 161, 14, NULL, NULL, NULL, NULL, NULL, NULL, NULL, NULL, NULL, NULL, NULL, NULL, NULL, NULL, NULL, NULL, NULL, NULL, NULL, NULL, NULL, NULL, NULL, NULL, NULL, NULL, NULL, NULL, NULL),
(369, 21, 161, 3, NULL, NULL, NULL, NULL, NULL, NULL, NULL, NULL, NULL, NULL, NULL, NULL, NULL, NULL, NULL, NULL, NULL, NULL, NULL, NULL, NULL, NULL, NULL, NULL, NULL, NULL, NULL, NULL, NULL),
(370, 22, 161, 15, NULL, NULL, NULL, NULL, NULL, NULL, NULL, NULL, NULL, NULL, NULL, NULL, NULL, NULL, NULL, NULL, NULL, NULL, NULL, NULL, NULL, NULL, NULL, NULL, NULL, NULL, NULL, NULL, NULL),
(371, 24, 161, 18, NULL, NULL, NULL, NULL, NULL, NULL, NULL, NULL, NULL, NULL, NULL, NULL, NULL, NULL, NULL, NULL, NULL, NULL, NULL, NULL, NULL, NULL, NULL, NULL, NULL, NULL, NULL, NULL, NULL),
(372, 25, 161, 12, NULL, NULL, NULL, NULL, NULL, NULL, NULL, NULL, NULL, NULL, NULL, NULL, NULL, NULL, NULL, NULL, NULL, NULL, NULL, NULL, NULL, NULL, NULL, NULL, NULL, NULL, NULL, NULL, NULL),
(373, 26, 161, 10, NULL, NULL, NULL, NULL, NULL, NULL, NULL, NULL, NULL, NULL, NULL, NULL, NULL, NULL, NULL, NULL, NULL, NULL, NULL, NULL, NULL, NULL, NULL, NULL, NULL, NULL, NULL, NULL, NULL),
(374, 27, 161, 2, NULL, NULL, NULL, NULL, NULL, NULL, NULL, NULL, NULL, NULL, NULL, NULL, NULL, NULL, NULL, NULL, NULL, NULL, NULL, NULL, NULL, NULL, NULL, NULL, NULL, NULL, NULL, NULL, NULL),
(375, 28, 161, 1, NULL, NULL, NULL, NULL, NULL, NULL, NULL, NULL, NULL, NULL, NULL, NULL, NULL, NULL, NULL, NULL, NULL, NULL, NULL, NULL, NULL, NULL, NULL, NULL, NULL, NULL, NULL, NULL, NULL),
(377, 30, 161, 7, NULL, NULL, NULL, NULL, NULL, NULL, NULL, NULL, NULL, NULL, NULL, NULL, NULL, NULL, NULL, NULL, NULL, NULL, NULL, NULL, NULL, NULL, NULL, NULL, NULL, NULL, NULL, NULL, NULL),
(378, 31, 161, 5, NULL, NULL, NULL, NULL, NULL, NULL, NULL, NULL, NULL, NULL, NULL, NULL, NULL, NULL, NULL, NULL, NULL, NULL, NULL, NULL, NULL, NULL, NULL, NULL, NULL, NULL, NULL, NULL, NULL),
(379, 32, 161, 7, NULL, NULL, NULL, NULL, NULL, NULL, NULL, NULL, NULL, NULL, NULL, NULL, NULL, NULL, NULL, NULL, NULL, NULL, NULL, NULL, NULL, NULL, NULL, NULL, NULL, NULL, NULL, NULL, NULL),
(380, 33, 161, 9, NULL, NULL, NULL, NULL, NULL, NULL, NULL, NULL, NULL, NULL, NULL, NULL, NULL, NULL, NULL, NULL, NULL, NULL, NULL, NULL, NULL, NULL, NULL, NULL, NULL, NULL, NULL, NULL, NULL),
(381, 34, 161, 5, NULL, NULL, NULL, NULL, NULL, NULL, NULL, NULL, NULL, NULL, NULL, NULL, NULL, NULL, NULL, NULL, NULL, NULL, NULL, NULL, NULL, NULL, NULL, NULL, NULL, NULL, NULL, NULL, NULL),
(382, 35, 161, 12, NULL, NULL, NULL, NULL, NULL, NULL, NULL, NULL, NULL, NULL, NULL, NULL, NULL, NULL, NULL, NULL, NULL, NULL, NULL, NULL, NULL, NULL, NULL, NULL, NULL, NULL, NULL, NULL, NULL),
(383, 36, 161, 1, NULL, NULL, NULL, NULL, NULL, NULL, NULL, NULL, NULL, NULL, NULL, NULL, NULL, NULL, NULL, NULL, NULL, NULL, NULL, NULL, NULL, NULL, NULL, NULL, NULL, NULL, NULL, NULL, NULL),
(384, 37, 162, 18, NULL, NULL, NULL, NULL, NULL, NULL, NULL, NULL, NULL, NULL, NULL, NULL, NULL, NULL, NULL, NULL, NULL, NULL, NULL, NULL, NULL, NULL, NULL, NULL, NULL, NULL, NULL, NULL, NULL),
(385, 38, 162, 8, NULL, NULL, NULL, NULL, NULL, NULL, NULL, NULL, NULL, NULL, NULL, NULL, NULL, NULL, NULL, NULL, NULL, NULL, NULL, NULL, NULL, NULL, NULL, NULL, NULL, NULL, NULL, NULL, NULL),
(386, 39, 162, 14, NULL, NULL, NULL, NULL, NULL, NULL, NULL, NULL, NULL, NULL, NULL, NULL, NULL, NULL, NULL, NULL, NULL, NULL, NULL, NULL, NULL, NULL, NULL, NULL, NULL, NULL, NULL, NULL, NULL),
(387, 40, 162, 19, NULL, NULL, NULL, NULL, NULL, NULL, NULL, NULL, NULL, NULL, NULL, NULL, NULL, NULL, NULL, NULL, NULL, NULL, NULL, NULL, NULL, NULL, NULL, NULL, NULL, NULL, NULL, NULL, NULL),
(388, 41, 162, 14, NULL, NULL, NULL, NULL, NULL, NULL, NULL, NULL, NULL, NULL, NULL, NULL, NULL, NULL, NULL, NULL, NULL, NULL, NULL, NULL, NULL, NULL, NULL, NULL, NULL, NULL, NULL, NULL, NULL),
(389, 42, 162, 2, NULL, NULL, NULL, NULL, NULL, NULL, NULL, NULL, NULL, NULL, NULL, NULL, NULL, NULL, NULL, NULL, NULL, NULL, NULL, NULL, NULL, NULL, NULL, NULL, NULL, NULL, NULL, NULL, NULL),
(390, 43, 162, 11, NULL, NULL, NULL, NULL, NULL, NULL, NULL, NULL, NULL, NULL, NULL, NULL, NULL, NULL, NULL, NULL, NULL, NULL, NULL, NULL, NULL, NULL, NULL, NULL, NULL, NULL, NULL, NULL, NULL),
(391, 44, 162, 1, NULL, NULL, NULL, NULL, NULL, NULL, NULL, NULL, NULL, NULL, NULL, NULL, NULL, NULL, NULL, NULL, NULL, NULL, NULL, NULL, NULL, NULL, NULL, NULL, NULL, NULL, NULL, NULL, NULL),
(392, 45, 162, 5, NULL, NULL, NULL, NULL, NULL, NULL, NULL, NULL, NULL, NULL, NULL, NULL, NULL, NULL, NULL, NULL, NULL, NULL, NULL, NULL, NULL, NULL, NULL, NULL, NULL, NULL, NULL, NULL, NULL),
(393, 46, 162, 7, NULL, NULL, NULL, NULL, NULL, NULL, NULL, NULL, NULL, NULL, NULL, NULL, NULL, NULL, NULL, NULL, NULL, NULL, NULL, NULL, NULL, NULL, NULL, NULL, NULL, NULL, NULL, NULL, NULL),
(394, 47, 162, 1, NULL, NULL, NULL, NULL, NULL, NULL, NULL, NULL, NULL, NULL, NULL, NULL, NULL, NULL, NULL, NULL, NULL, NULL, NULL, NULL, NULL, NULL, NULL, NULL, NULL, NULL, NULL, NULL, NULL),
(395, 48, 162, 8, NULL, NULL, NULL, NULL, NULL, NULL, NULL, NULL, NULL, NULL, NULL, NULL, NULL, NULL, NULL, NULL, NULL, NULL, NULL, NULL, NULL, NULL, NULL, NULL, NULL, NULL, NULL, NULL, NULL),
(396, 49, 162, 17, NULL, NULL, NULL, NULL, NULL, NULL, NULL, NULL, NULL, NULL, NULL, NULL, NULL, NULL, NULL, NULL, NULL, NULL, NULL, NULL, NULL, NULL, NULL, NULL, NULL, NULL, NULL, NULL, NULL),
(397, 50, 162, 19, NULL, NULL, NULL, NULL, NULL, NULL, NULL, NULL, NULL, NULL, NULL, NULL, NULL, NULL, NULL, NULL, NULL, NULL, NULL, NULL, NULL, NULL, NULL, NULL, NULL, NULL, NULL, NULL, NULL),
(398, 51, 162, 6, NULL, NULL, NULL, NULL, NULL, NULL, NULL, NULL, NULL, NULL, NULL, NULL, NULL, NULL, NULL, NULL, NULL, NULL, NULL, NULL, NULL, NULL, NULL, NULL, NULL, NULL, NULL, NULL, NULL),
(399, 52, 162, 9, NULL, NULL, NULL, NULL, NULL, NULL, NULL, NULL, NULL, NULL, NULL, NULL, NULL, NULL, NULL, NULL, NULL, NULL, NULL, NULL, NULL, NULL, NULL, NULL, NULL, NULL, NULL, NULL, NULL),
(400, 53, 162, 2, NULL, NULL, NULL, NULL, NULL, NULL, NULL, NULL, NULL, NULL, NULL, NULL, NULL, NULL, NULL, NULL, NULL, NULL, NULL, NULL, NULL, NULL, NULL, NULL, NULL, NULL, NULL, NULL, NULL),
(401, 54, 162, 5, NULL, NULL, NULL, NULL, NULL, NULL, NULL, NULL, NULL, NULL, NULL, NULL, NULL, NULL, NULL, NULL, NULL, NULL, NULL, NULL, NULL, NULL, NULL, NULL, NULL, NULL, NULL, NULL, NULL),
(402, 55, 162, 7, NULL, NULL, NULL, NULL, NULL, NULL, NULL, NULL, NULL, NULL, NULL, NULL, NULL, NULL, NULL, NULL, NULL, NULL, NULL, NULL, NULL, NULL, NULL, NULL, NULL, NULL, NULL, NULL, NULL),
(403, 56, 162, 3, NULL, NULL, NULL, NULL, NULL, NULL, NULL, NULL, NULL, NULL, NULL, NULL, NULL, NULL, NULL, NULL, NULL, NULL, NULL, NULL, NULL, NULL, NULL, NULL, NULL, NULL, NULL, NULL, NULL),
(404, 57, 162, 3, NULL, NULL, NULL, NULL, NULL, NULL, NULL, NULL, NULL, NULL, NULL, NULL, NULL, NULL, NULL, NULL, NULL, NULL, NULL, NULL, NULL, NULL, NULL, NULL, NULL, NULL, NULL, NULL, NULL),
(405, 58, 162, 9, NULL, NULL, NULL, NULL, NULL, NULL, NULL, NULL, NULL, NULL, NULL, NULL, NULL, NULL, NULL, NULL, NULL, NULL, NULL, NULL, NULL, NULL, NULL, NULL, NULL, NULL, NULL, NULL, NULL),
(406, 59, 162, 10, NULL, NULL, NULL, NULL, NULL, NULL, NULL, NULL, NULL, NULL, NULL, NULL, NULL, NULL, NULL, NULL, NULL, NULL, NULL, NULL, NULL, NULL, NULL, NULL, NULL, NULL, NULL, NULL, NULL),
(407, 60, 162, 6, NULL, NULL, NULL, NULL, NULL, NULL, NULL, NULL, NULL, NULL, NULL, NULL, NULL, NULL, NULL, NULL, NULL, NULL, NULL, NULL, NULL, NULL, NULL, NULL, NULL, NULL, NULL, NULL, NULL),
(408, 61, 162, 15, NULL, NULL, NULL, NULL, NULL, NULL, NULL, NULL, NULL, NULL, NULL, NULL, NULL, NULL, NULL, NULL, NULL, NULL, NULL, NULL, NULL, NULL, NULL, NULL, NULL, NULL, NULL, NULL, NULL),
(409, 62, 162, 15, NULL, NULL, NULL, NULL, NULL, NULL, NULL, NULL, NULL, NULL, NULL, NULL, NULL, NULL, NULL, NULL, NULL, NULL, NULL, NULL, NULL, NULL, NULL, NULL, NULL, NULL, NULL, NULL, NULL),
(410, 64, 162, 12, NULL, NULL, NULL, NULL, NULL, NULL, NULL, NULL, NULL, NULL, NULL, NULL, NULL, NULL, NULL, NULL, NULL, NULL, NULL, NULL, NULL, NULL, NULL, NULL, NULL, NULL, NULL, NULL, NULL),
(411, 65, 162, 18, NULL, NULL, NULL, NULL, NULL, NULL, NULL, NULL, NULL, NULL, NULL, NULL, NULL, NULL, NULL, NULL, NULL, NULL, NULL, NULL, NULL, NULL, NULL, NULL, NULL, NULL, NULL, NULL, NULL),
(412, 66, 162, 12, NULL, NULL, NULL, NULL, NULL, NULL, NULL, NULL, NULL, NULL, NULL, NULL, NULL, NULL, NULL, NULL, NULL, NULL, NULL, NULL, NULL, NULL, NULL, NULL, NULL, NULL, NULL, NULL, NULL),
(413, 67, 162, 13, NULL, NULL, NULL, NULL, NULL, NULL, NULL, NULL, NULL, NULL, NULL, NULL, NULL, NULL, NULL, NULL, NULL, NULL, NULL, NULL, NULL, NULL, NULL, NULL, NULL, NULL, NULL, NULL, NULL),
(414, 68, 162, 16, NULL, NULL, NULL, NULL, NULL, NULL, NULL, NULL, NULL, NULL, NULL, NULL, NULL, NULL, NULL, NULL, NULL, NULL, NULL, NULL, NULL, NULL, NULL, NULL, NULL, NULL, NULL, NULL, NULL),
(415, 69, 162, 10, NULL, NULL, NULL, NULL, NULL, NULL, NULL, NULL, NULL, NULL, NULL, NULL, NULL, NULL, NULL, NULL, NULL, NULL, NULL, NULL, NULL, NULL, NULL, NULL, NULL, NULL, NULL, NULL, NULL),
(416, 63, 162, 4, NULL, NULL, NULL, NULL, NULL, NULL, NULL, NULL, NULL, NULL, NULL, NULL, NULL, NULL, NULL, NULL, NULL, NULL, NULL, NULL, NULL, NULL, NULL, NULL, NULL, NULL, NULL, NULL, NULL);

-- --------------------------------------------------------

--
-- Estructura de tabla para la tabla `notasparciales`
--

CREATE TABLE `notasparciales` (
  `id_nota_parcial` int(11) NOT NULL,
  `id_alumno` int(11) NOT NULL,
  `id_curso_materia` int(11) NOT NULL,
  `fecha` date NOT NULL,
  `sesion` varchar(36) COLLATE utf8mb4_unicode_ci DEFAULT NULL,
  `nota` tinyint(3) UNSIGNED DEFAULT NULL,
  `detalle` varchar(255) COLLATE utf8mb4_unicode_ci DEFAULT NULL,
  `created_at` datetime NOT NULL DEFAULT CURRENT_TIMESTAMP
) ENGINE=InnoDB DEFAULT CHARSET=utf8mb4 COLLATE=utf8mb4_unicode_ci;

--
-- Volcado de datos para la tabla `notasparciales`
--

INSERT INTO `notasparciales` (`id_nota_parcial`, `id_alumno`, `id_curso_materia`, `fecha`, `sesion`, `nota`, `detalle`, `created_at`) VALUES
(1, 281, 257, '2026-04-06', '19aaae32-85ad-4966-8ec1-b01287ee3b39', 10, 'TP N° 1', '2026-04-06 12:40:56'),
(2, 282, 257, '2026-04-06', '19aaae32-85ad-4966-8ec1-b01287ee3b39', 8, 'TP N° 1', '2026-04-06 12:40:56'),
(3, 283, 257, '2026-04-06', '19aaae32-85ad-4966-8ec1-b01287ee3b39', 5, 'TP N° 1', '2026-04-06 12:40:56'),
(4, 284, 257, '2026-04-06', '19aaae32-85ad-4966-8ec1-b01287ee3b39', NULL, 'TP N° 1', '2026-04-06 12:40:56'),
(5, 285, 257, '2026-04-06', '19aaae32-85ad-4966-8ec1-b01287ee3b39', NULL, 'TP N° 1', '2026-04-06 12:40:56'),
(6, 286, 257, '2026-04-06', '19aaae32-85ad-4966-8ec1-b01287ee3b39', NULL, 'TP N° 1', '2026-04-06 12:40:56'),
(7, 287, 257, '2026-04-06', '19aaae32-85ad-4966-8ec1-b01287ee3b39', NULL, 'TP N° 1', '2026-04-06 12:40:56'),
(8, 288, 257, '2026-04-06', '19aaae32-85ad-4966-8ec1-b01287ee3b39', NULL, 'TP N° 1', '2026-04-06 12:40:56'),
(9, 289, 257, '2026-04-06', '19aaae32-85ad-4966-8ec1-b01287ee3b39', NULL, 'TP N° 1', '2026-04-06 12:40:56'),
(10, 290, 257, '2026-04-06', '19aaae32-85ad-4966-8ec1-b01287ee3b39', NULL, 'TP N° 1', '2026-04-06 12:40:56'),
(11, 291, 257, '2026-04-06', '19aaae32-85ad-4966-8ec1-b01287ee3b39', NULL, 'TP N° 1', '2026-04-06 12:40:57'),
(12, 292, 257, '2026-04-06', '19aaae32-85ad-4966-8ec1-b01287ee3b39', NULL, 'TP N° 1', '2026-04-06 12:40:57'),
(13, 293, 257, '2026-04-06', '19aaae32-85ad-4966-8ec1-b01287ee3b39', NULL, 'TP N° 1', '2026-04-06 12:40:57'),
(14, 294, 257, '2026-04-06', '19aaae32-85ad-4966-8ec1-b01287ee3b39', NULL, 'TP N° 1', '2026-04-06 12:40:57'),
(15, 295, 257, '2026-04-06', '19aaae32-85ad-4966-8ec1-b01287ee3b39', NULL, 'TP N° 1', '2026-04-06 12:40:57'),
(16, 296, 257, '2026-04-06', '19aaae32-85ad-4966-8ec1-b01287ee3b39', NULL, 'TP N° 1', '2026-04-06 12:40:57'),
(17, 297, 257, '2026-04-06', '19aaae32-85ad-4966-8ec1-b01287ee3b39', NULL, 'TP N° 1', '2026-04-06 12:40:57'),
(18, 298, 257, '2026-04-06', '19aaae32-85ad-4966-8ec1-b01287ee3b39', NULL, 'TP N° 1', '2026-04-06 12:40:57'),
(19, 299, 257, '2026-04-06', '19aaae32-85ad-4966-8ec1-b01287ee3b39', NULL, 'TP N° 1', '2026-04-06 12:40:57'),
(20, 300, 257, '2026-04-06', '19aaae32-85ad-4966-8ec1-b01287ee3b39', NULL, 'TP N° 1', '2026-04-06 12:40:57'),
(21, 301, 257, '2026-04-06', '19aaae32-85ad-4966-8ec1-b01287ee3b39', NULL, 'TP N° 1', '2026-04-06 12:40:57'),
(22, 302, 257, '2026-04-06', '19aaae32-85ad-4966-8ec1-b01287ee3b39', NULL, 'TP N° 1', '2026-04-06 12:40:57'),
(23, 303, 257, '2026-04-06', '19aaae32-85ad-4966-8ec1-b01287ee3b39', NULL, 'TP N° 1', '2026-04-06 12:40:57'),
(24, 304, 257, '2026-04-06', '19aaae32-85ad-4966-8ec1-b01287ee3b39', NULL, 'TP N° 1', '2026-04-06 12:40:57'),
(25, 305, 257, '2026-04-06', '19aaae32-85ad-4966-8ec1-b01287ee3b39', NULL, 'TP N° 1', '2026-04-06 12:40:57'),
(26, 306, 257, '2026-04-06', '19aaae32-85ad-4966-8ec1-b01287ee3b39', NULL, 'TP N° 1', '2026-04-06 12:40:57'),
(27, 307, 257, '2026-04-06', '19aaae32-85ad-4966-8ec1-b01287ee3b39', NULL, 'TP N° 1', '2026-04-06 12:40:57'),
(28, 308, 257, '2026-04-06', '19aaae32-85ad-4966-8ec1-b01287ee3b39', NULL, 'TP N° 1', '2026-04-06 12:40:57'),
(29, 309, 257, '2026-04-06', '19aaae32-85ad-4966-8ec1-b01287ee3b39', NULL, 'TP N° 1', '2026-04-06 12:40:57'),
(30, 310, 257, '2026-04-06', '19aaae32-85ad-4966-8ec1-b01287ee3b39', NULL, 'TP N° 1', '2026-04-06 12:40:57'),
(31, 311, 257, '2026-04-06', '19aaae32-85ad-4966-8ec1-b01287ee3b39', NULL, 'TP N° 1', '2026-04-06 12:40:57'),
(32, 312, 257, '2026-04-06', '19aaae32-85ad-4966-8ec1-b01287ee3b39', NULL, 'TP N° 1', '2026-04-06 12:40:57'),
(33, 313, 257, '2026-04-06', '19aaae32-85ad-4966-8ec1-b01287ee3b39', NULL, 'TP N° 1', '2026-04-06 12:40:57'),
(34, 314, 257, '2026-04-06', '19aaae32-85ad-4966-8ec1-b01287ee3b39', NULL, 'TP N° 1', '2026-04-06 12:40:57'),
(35, 315, 257, '2026-04-06', '19aaae32-85ad-4966-8ec1-b01287ee3b39', NULL, 'TP N° 1', '2026-04-06 12:40:57');

-- --------------------------------------------------------

--
-- Estructura de tabla para la tabla `observaciones`
--

CREATE TABLE `observaciones` (
  `id_observacion` int(11) NOT NULL,
  `descripcion` varchar(255) COLLATE utf8mb4_unicode_ci NOT NULL
) ENGINE=InnoDB DEFAULT CHARSET=utf8mb4 COLLATE=utf8mb4_unicode_ci;

--
-- Volcado de datos para la tabla `observaciones`
--

INSERT INTO `observaciones` (`id_observacion`, `descripcion`) VALUES
(1, 'Su trabajo en clase es destacado'),
(2, 'Muy buen desempeño en clase'),
(3, 'Muy participativo y colaborativo'),
(4, 'Excelente su desempeño escolar'),
(5, 'Muestra actitud favorable en clase'),
(6, 'Se valora la atención en clase'),
(7, 'Demuestra compromiso en su tarea'),
(8, 'Se espera completes toda la tarea'),
(9, 'Necesitas asistir regularmente'),
(10, 'No concurre a las clases'),
(11, 'Necesitas mayor participación'),
(12, 'Es necesario cumplir con los trabajos'),
(13, 'Es necesario traer los materiales'),
(14, 'Es conveniente mayor predisposición'),
(15, 'Es conveniente que consultes dudas');

-- --------------------------------------------------------

--
-- Estructura de tabla para la tabla `perfiles`
--

CREATE TABLE `perfiles` (
  `id_perfil` int(11) NOT NULL,
  `nombre_perfil` varchar(50) COLLATE utf8mb4_unicode_ci NOT NULL
) ENGINE=InnoDB DEFAULT CHARSET=utf8mb4 COLLATE=utf8mb4_unicode_ci;

--
-- Volcado de datos para la tabla `perfiles`
--

INSERT INTO `perfiles` (`id_perfil`, `nombre_perfil`) VALUES
(4, 'administrador'),
(1, 'alumno'),
(3, 'docente'),
(5, 'preceptor'),
(2, 'tutor');

-- --------------------------------------------------------

--
-- Estructura de tabla para la tabla `preceptores`
--

CREATE TABLE `preceptores` (
  `id_preceptor` int(11) NOT NULL,
  `id_usuario` int(11) NOT NULL,
  `telefono` varchar(20) COLLATE utf8mb4_unicode_ci DEFAULT NULL
) ENGINE=InnoDB DEFAULT CHARSET=utf8mb4 COLLATE=utf8mb4_unicode_ci;

--
-- Volcado de datos para la tabla `preceptores`
--

INSERT INTO `preceptores` (`id_preceptor`, `id_usuario`, `telefono`) VALUES
(3, 50, '1161962415'),
(4, 13, '1167860631'),
(5, 1, '1158252225'),
(6, 214, '1159398529'),
(7, 215, '1140390954'),
(12, 202, '');

-- --------------------------------------------------------

--
-- Estructura de tabla para la tabla `tutores`
--

CREATE TABLE `tutores` (
  `id_tutor` int(11) NOT NULL,
  `id_usuario` int(11) NOT NULL,
  `telefono` varchar(20) COLLATE utf8mb4_unicode_ci DEFAULT NULL
) ENGINE=InnoDB DEFAULT CHARSET=utf8mb4 COLLATE=utf8mb4_unicode_ci;

--
-- Volcado de datos para la tabla `tutores`
--

INSERT INTO `tutores` (`id_tutor`, `id_usuario`, `telefono`) VALUES
(9, 1, '1558252225'),
(10, 598, ''),
(11, 599, '1541975607'),
(12, 600, '1530656162'),
(13, 601, '1525952007'),
(14, 602, '1561672466'),
(15, 603, '1562835013'),
(16, 604, ''),
(17, 605, '1556010687'),
(18, 606, ''),
(19, 607, '1567259376'),
(20, 608, '1521568947'),
(21, 609, '1536533854'),
(22, 610, '1549285912'),
(23, 611, '1536695654'),
(24, 612, '1557429307'),
(25, 613, '1564136611'),
(26, 614, '1544281768'),
(27, 615, ''),
(28, 616, '1540279082'),
(29, 617, '1535682943'),
(30, 618, ''),
(31, 619, '1564450849'),
(32, 620, '1558395676'),
(33, 621, ''),
(34, 622, '1561180323'),
(35, 623, '1544959070'),
(36, 624, ''),
(37, 625, '1538203453'),
(38, 626, '1563026483'),
(39, 627, ''),
(40, 628, ''),
(41, 629, '1555947233'),
(42, 630, '1559940607'),
(43, 631, ''),
(44, 632, '1556962249'),
(45, 633, ''),
(46, 634, '1573621094'),
(47, 635, ''),
(58, 646, '1557399224'),
(59, 647, ''),
(60, 648, '1564061812'),
(61, 649, '1532897763'),
(62, 650, ''),
(64, 652, ''),
(65, 653, '1531346989'),
(66, 654, '1530056787'),
(67, 655, '1568563126'),
(69, 657, '1550551981');

-- --------------------------------------------------------

--
-- Estructura de tabla para la tabla `usuarios`
--

CREATE TABLE `usuarios` (
  `id_usuario` int(11) NOT NULL,
  `nombre` varchar(100) COLLATE utf8mb4_unicode_ci DEFAULT NULL,
  `apellido` varchar(100) COLLATE utf8mb4_unicode_ci DEFAULT NULL,
  `email` varchar(150) COLLATE utf8mb4_unicode_ci NOT NULL,
  `clave` varchar(255) COLLATE utf8mb4_unicode_ci NOT NULL
) ENGINE=InnoDB DEFAULT CHARSET=utf8mb4 COLLATE=utf8mb4_unicode_ci;

--
-- Volcado de datos para la tabla `usuarios`
--

INSERT INTO `usuarios` (`id_usuario`, `nombre`, `apellido`, `email`, `clave`) VALUES
(1, 'Martin Ariel', 'Clotet', 'martin@clotet.com.ar', '12345'),
(13, 'Jorge', 'Centurion', 'preceptoria.jorge.centurion@institutoadolfoalsina.com', '12345'),
(50, 'Celia', 'Medina', 'preceptoria.celia.medina@institutoadolfoalsina.com', '12345'),
(158, 'alejandro', 'machado', 'alejandro.machado.d@institoadolfoalsina.com', '12345'),
(159, 'analia', 'sayago', 'analia.sayago.d@institutoadolfoalsina.com', '12345'),
(160, 'camila', 'aguilera', 'camila.aguilera.d@institutoadolfoalsina.com', '12345'),
(161, 'camila', 'castrellon', 'camila.castrellon.d@institutoadolfoalsina.com', '12345'),
(162, 'carlos', 'magno', 'carlos.magno.d@institutoadolfoalsina.com', '12345'),
(163, 'carolina', 'moreno', 'carolina.moreno.d@institutoadolfoalsina.com', '12345'),
(164, 'cecilia', 'basilone', 'cecilia.basilone.d@institutoadolfoalsina.com', '12345'),
(165, 'claudia', 'delon', 'claudia.delon.d@institutoadolfoalsina.com', '12345'),
(166, 'claudia', 'delrivero', 'claudia.delrivero.d@institutoadolfoalsina.com', '12345'),
(167, 'marianela', 'alonso', 'd.marianela.alonso@institutoadolfoalsina.com', '12345'),
(168, 'daiana', 'zarza', 'daiana.zarza.d@institutoadolfoalsina.com', '12345'),
(169, 'diana', 'semo', 'diana.semo.d@institutoadolfoalsina.com', '12345'),
(170, 'emanuel', 'murua', 'emanuel.murua.d@institutoadolfoalsina.com', '12345'),
(171, 'estefania', 'rios', 'estefania.rios.d@institutoadolfoalsina.com', '12345'),
(172, 'fernando', 'bordigoni', 'fernando.bordigoni.d@institutoadolfoalsina.com', '12345'),
(173, 'florencia', 'mellone', 'florencia.mellone.d@institutoadolfoalsina.com', '12345'),
(174, 'gisela', 'lasso', 'gisela.lasso.d@institutoadolfoalsina.com', '12345'),
(175, 'gisele', 'pochetti', 'gisele.pochetti.d@institutoadolfoalsina.com', '12345'),
(176, 'jazmin', 'maddalena', 'jazmin.maddalena.d@institutoadolfoalsina.com', '12345'),
(177, 'jazmin', 'musico', 'jazmin.musico.d@institutoadolfoalsina.com', '12345'),
(178, 'jennifer', 'miras', 'jennifer.miras.d@institutoadolfoalsina.com', '12345'),
(179, 'jesica', 'bozzolo', 'jesica.bozzolo.d@institutoadolfoalsina.com', '12345'),
(180, 'jonatan', 'vanzella', 'jonatan.vanzella.d@institutoadolfoalsina.com', '12345'),
(181, 'juan', 'gimenez', 'juan.gimenez.d@institutoadolfoalsina.com', '12345'),
(182, 'laura', 'diaz', 'laura.diaz.d@institutoadolfoalsina.com', '12345'),
(183, 'leonardo', 'carabajal', 'leonardo.carabajal.d@institutoadolfoalsina.com', '12345'),
(184, 'leslie', 'gazaui', 'leslie.gazaui.d@institutoadolfoalsina.com', '12345'),
(185, 'lorena', 'vallejos', 'lorena.vallejos.d@institutoadolfoalsina.com', '12345'),
(186, 'lourdes', 'murillo', 'lourdes.murillo.d@institutoadolfoalsina.com', '12345'),
(187, 'luis', 'suarez', 'luis.suarez.d@institutoadolfoalsina.com', '12345'),
(188, 'maria', 'hidalgo', 'maria.hidalgo.d@institutoadolfoalsina.com', '12345'),
(189, 'marialaura', 'bissoni', 'marialaura.bissoni.d@institutoadolfoalsina.com', '12345'),
(190, 'marialaura', 'licitra', 'marialaura.licitra.d@institutoadolfoalsina.com', '12345'),
(191, 'marilina', 'suarez', 'marilina.suarez.d@institutoadolfoalsina.com', '12345'),
(192, 'matias', 'lafonte', 'matias.lafonte.d@institutoadolfoalsina.com', '12345'),
(193, 'matias', 'martinez', 'matias.martinez.d@institutoadolfoalsina.com', '12345'),
(194, 'maximiliano', 'mercado', 'maximiliano.mercado.d@institutoadolfoalsina.com', '12345'),
(195, 'maximo', 'rodriguez', 'maximo.rodriguez.d@institutoadolfoalsina.com', '12345'),
(196, 'mercedes', 'ponzio', 'mercedes.ponzio@institutoadolfoalsina.com', '12345'),
(197, 'natalia', 'britez', 'natalia.britez.d@institutoadolfoalsina.com', '12345'),
(198, 'nataly', 'castrellon', 'nataly.castrellon.d@institutoadolfoalsina.com', '12345'),
(199, 'pablo', 'bottone', 'pablo.bottone.d@institutoadolfoalsina.com', '12345'),
(200, 'paula', 'cuervo', 'paula.cuervo.d@institutoadolfoalsina.com', '12345'),
(201, 'paula', 'rodriguez', 'paula.rodriguez.d@institutoadolfoalsina.com', '12345'),
(202, 'Maria', 'Rochia', 'preceptoria.mariadelcarmen.rochia@institutoadolfoalsina.com', '12345'),
(203, 'romina', 'navarro', 'romina.navarro.d@institutoadolfoalsina.com', '12345'),
(204, 'ruth', 'santucci', 'ruth.santucci.d@institutoadolfoalsina.com', '12345'),
(205, 'sabrina', 'dellasanta', 'sabrina.dellasanta.d@institutoadolfoalsina.com', '12345'),
(206, 'santiago', 'blanco', 'santiago.blanco.d@institutoadolfoalsina.com', '12345'),
(207, 'silvina', 'ramirez', 'silvina.ramirez.d@institutoadolfoalsina.com', '12345'),
(208, 'soledad', 'sabas', 'soledad.sabas.d@institutoadolfoalsina.com', '12345'),
(209, 'valeria', 'gonzalez', 'valeria.gonzalez.d@institutoadolfoalsina.com', '12345'),
(210, 'vanina', 'proserpi', 'vanina.proserpi.d@institutoadolfoalsina.com', '12345'),
(211, 'veronica', 'meaurio', 'veronica.meaurio.d@institutoadolfoalsina.com', '12345'),
(212, 'virginia', 'ceballos', 'virginia.ceballos.d@institutoadolfoalsina.com', '12345'),
(213, 'ximena', 'echeverria', 'ximena.echeverria.d@institutoadolfoalsina.com', '12345'),
(214, 'Elida', 'Vicenta Acosta', 'preceptoria.elida.acosta@institutoadolfoalsina.com', '$2y$10$x5t4vNDqsYITVdCBCBJPWeEi09./J3f0IvwYZEmXsd1k1L2Hv16jG'),
(215, 'Julian', 'Barrionuevo', 'julian.barrionuevo.d@institutoadolfoalsina.com', '$2y$10$diAv7XuA2Cl7WpkyMiRXceBwVpsdBeFDF2yXrLpReYL6iup4eWBCG'),
(216, 'Juana Franchesca', 'Amaduro', 'juana.amaduro.a@institutoadolfoalsina.com', '12345'),
(217, 'Tiziano Valentin', 'Amaya', 'tiziano.amaya.a@institutoadolfoalsina.com', '12345'),
(218, 'Franco', 'Andino', 'franco.andino.a@institutoadolfoalsina.com', '12345'),
(219, 'Nicolas Jesus', 'Andreoti', 'nicolas.andreoti.a@institutoadolfoalsina.com', '12345'),
(220, 'Ciro Valentino', 'Avalos', 'ciro.avalos.a@institutoadolfoalsina.com', '12345'),
(221, 'Lisandro Sebastian', 'Avila', 'lisandro.avila.a@institutoadolfoalsina.com', '12345'),
(222, 'Luciano Patricio', 'Ayala Villarino', 'luciano.ayala.a@institutoadolfoalsina.com', '12345'),
(223, 'Bruno Exequiel', 'Benitez', 'bruno.benitez.a@institutoadolfoalsina.com', '12345'),
(224, 'Thiago Valentino', 'Boleggi', 'thiago.boleggui.a@institutoadolfoalsina.com', '12345'),
(225, 'Camila Belen', 'Boxer', 'camila.boxer.a@institutoadolfoalsina.com', '12345'),
(226, 'Ramiro Hernan', 'Cubilla', 'ramiro.cubilla.a@institutoadolfoalsina.com', '12345'),
(227, 'Silvio Emanuel', 'Cubilla', 'silvio.cubilla.a@institutoadolfoalsina.com', '12345'),
(228, 'Sarah Katherine Celine', 'Daniel', 'daniel.sarah.a@institutoadolfoalsina.com', '12345'),
(229, 'Mora Constanza', 'Dauplin', 'mora.dauplin.a@institutoadolfoalsina.com', '12345'),
(230, 'Sebastian', 'Donati', 'sebastian.donati.a@institutoadolfoalsina.com', '12345'),
(231, 'Jano Benicio', 'Fernandez', 'jano.fernandez.a@institutoadolfoalsina.com', '12345'),
(232, 'Mara Gimena', 'Fernandez', 'mara.fernandez.a@institutoadolfoalsina.com', '12345'),
(233, 'Mia Antonella', 'Gago D\'Uva', 'mia.gago.a@institutoadolfoalsina.com', '12345'),
(234, 'Ramiro', 'Garcia Avecilla', 'ramiro.garcia.a@institutoadolfoalsina.com', '12345'),
(235, 'Benjamin', 'Giangiacomo', 'benjamin.giangiacomo.a@institutoadolfoalsina.com', '12345'),
(236, 'Enzo Benjamin', 'Gomez Cruz', 'enzo.gomez.a@institutoadolfoalsina.com', '12345'),
(237, 'Delfina Pilar', 'Grasso', 'delfina.grasso.a@institutoadolfoalsina.com', '12345'),
(238, 'Bruno León', 'Gutian', 'bruno.gutian.a@institutoadolfoalsina.com', '12345'),
(239, 'Carolina', 'Jimenez Pasquale', 'carolina.jimenez.a@institutoadolfoalsina.com', '12345'),
(240, 'Enzo Agustin', 'Lattar', 'enzo.lattar.a@institutoadolfoalsina.com', '12345'),
(241, 'Liam Pool', 'Lorenzo', 'liam.lorenzo.a@institutoadolfoalsina.com', '12345'),
(242, 'Luana Belen', 'Martinez', 'luana.martinez.a@institutoadolfoalsina.com', '12345'),
(243, 'Maylen Agostina', 'Martinez Dupuy', 'maylen.martinez.a@institutoadolfoalsina.com', '12345'),
(244, 'Maximo Leonidas', 'Mollo Claure', 'maximo.mollo.a@institutoadolfoalsina.com', '12345'),
(245, 'Juan Cruz Bautista', 'Monje', 'juan.monje.a@institutoadolfoalsina.com', '12345'),
(246, 'Benjamin Tomas', 'Ocampo', 'benjamin.ocampo.a@institutoadolfoalsina.com', '12345'),
(247, 'Dante Salvador', 'Pinat', 'dante.pinat.a@institutoadolfoalsina.com', '12345'),
(248, 'Thiago Gian Franco', 'Ramirez', 'thiago.ramirez.a@institutoadolfoalsina.com', '12345'),
(249, 'Lautaro Joaquin', 'Sanabria', 'lautaro.sanabria.a@institutoadolfoalsina.com', '12345'),
(250, 'Francisco Agustin', 'Valenzuela', 'francisco.valenzuela.a@institutoadolfoalsina.com', '12345'),
(251, 'Santino Lionel', 'Vargas', 'santino.vargas.a@institutoadolfoalsina.com', '12345'),
(252, 'Candela', 'Alba', 'candela.alba.a@institutoadolfoalsina.com', '12345'),
(253, 'Sofia', 'Alba', 'sofia.alba.a@institutoadolfoalsina.com', '12345'),
(254, 'Alma Valentina', 'Busto', 'alma.busto.a@institutoadolfoalsina.com', '12345'),
(255, 'Julieta', 'Bustos', 'julieta.bustos.a@institutoadolfoalsina.com', '12345'),
(256, 'Olivia', 'Caminos', 'olivia.caminos.a@institutoadolfoalsina.com', '12345'),
(257, 'Sofia', 'Canalis', 'sofia.canalis.a@institutoadolfoalsina.com', '12345'),
(258, 'Mateo', 'Ceruso', 'mateo.ceruso.a@institutoadolfoalsina.com', '12345'),
(259, 'Julieta', 'Conlledo Torres', 'julieta.conlledo.a@institutoadolfoalsina.com', '12345'),
(260, 'Luca', 'Cruz', 'luca.cruz.a@institutoadolfoalsina.com', '12345'),
(261, 'Mia', 'Cuevas', 'mia.cuevas.a@institutoadolfoalsina.com', '12345'),
(262, 'Jazmin', 'Dorsemaine', 'jazmin.dorsemaine.a@institutoadolfoalsina.com', '12345'),
(263, 'Luciana', 'Fernandez', 'luciana.fernandez.a@institutoadolfoalsina.com', '12345'),
(264, 'Thiago Santino', 'Fernandez', 'thiago.fernandez.a@institutoadolfoalsina.com', '12345'),
(265, 'Matilda', 'Gimenez', 'matilda.gimenez.a@institutoadolfoalsina.com', '12345'),
(266, 'Bianca', 'Gomez', 'bianca.gomez.a@institutoadolfoalsina.com', '12345'),
(267, 'Yamil', 'Gonzalez', 'yamil.gonzalez.a@institutoadolfoalsina.com', '12345'),
(268, 'Francesca Sabrina', 'Karnos', 'francesca.karnos.a@institutoadolfoalsina.com', '12345'),
(269, 'Santino', 'Kollmann', 'santino.kollmann.a@institutoadolfoalsina.com', '12345'),
(270, 'Lucia', 'Leon', 'lucia.leon.a@institutoadolfoalsina.com', '12345'),
(271, 'Ian', 'Leon Perez', 'leon.perez.a@institutoadolfoalsina.com', '12345'),
(272, 'Thiago Daniel', 'Lombardo Fernandez', 'thiago.lombardo.a@institutoadolfoalsina.com', '12345'),
(273, 'Dante', 'Morales', 'dante.morales.a@institutoadolfoalsina.com', '12345'),
(274, 'Alejandro', 'Nacimiento', 'alejandro.nacimiento.a@institutoadolfoalsina.com', '12345'),
(275, 'Zoe', 'Peraldi', 'zoe.peraldi.a@institutoadolfoalsina.com', '12345'),
(276, 'Sofia', 'Rock', 'sofia.rock.a@institutoadolfoalsina.com', '12345'),
(277, 'Melina', 'Rodriguez', 'melina.rodriguez.a@institutoadolfoalsina.com', '12345'),
(278, 'Santino', 'Rodriguez', 'santino.rodriguez.a@institutoadolfoalsina.com', '12345'),
(279, 'Lucas Ariel', 'Rodriguez Centurion', 'ariel.centurion.a@institutoadolfoalsina.com', '12345'),
(280, 'Ramiro', 'Savino', 'ramiro.savino.a@institutoadolfoalsina.com', '12345'),
(281, 'Thiago', 'Silva', 'thiago.silva.a@institutoadolfoalsina.com', '12345'),
(282, 'Indiana', 'Torre', 'indiana.torre.a@institutoadolfoalsina.com', '12345'),
(283, 'Ignacio', 'Vallejos', 'ignacio.vallejos.a@institutoadolfoalsina.com', '12345'),
(284, 'Lautaro', 'Vargas', 'lautaro.vargas.a@institutoadolfoalsina.com', '12345'),
(285, 'Luna Sara', 'Apinyan', 'luna.apiyan.a@institutoadolfoalsina.com', '12345'),
(286, 'Sumaia Yael', 'Ardusso', 'yael.ardusso.a@institutoadolfoalsina.com', '12345'),
(287, 'Enzo Matias', 'Barranou', 'enzo.barranou.a@institutoadolfoalsina.com', '12345'),
(288, 'Tobias Bautista', 'Blanco Scheffer', 'tobias.blanco.a@institutoadolfoalsina.com', '12345'),
(289, 'Julian Martin', 'Cabrera Frati', 'julian.cabrera.a@institutoadolfoalsina.com', '12345'),
(290, 'Valentina Alejandra', 'Cantero', 'valentina.cantero.a@institutoadolfoalsina.com', '12345'),
(291, 'Ambar Mailen', 'Cejas Pavon', 'ambar.cejas.a@institutoadolfoalsina.com', '12345'),
(292, 'Bastian Valentin', 'Cordoba Islas', 'bastian.cordoba.a@institutoadolfoalsina.com', '12345'),
(293, 'Benicio Bautista', 'Ferreyra', 'benicio.ferreyra.a@institutoadolfoalsina.com', '12345'),
(294, 'Thiago Ariel', 'Gomez', 'thiago.gomez.a@institutoadolfoalsina.com', '12345'),
(295, 'Julieta Belen', 'Gomez Baroni', 'julieta.gomez.a@institutoadolfoalsina.com', '12345'),
(296, 'Xiara Yasmin', 'Guzman', 'xiara.guzman.a@institutoadolfoalsina.com', '12345'),
(297, 'Sofia Ailen', 'Insua', 'sofia.insua.a@institutoadolfoalsina.com', '12345'),
(298, 'Nahiara', 'Leon Franco', 'nahiara.leon.a@institutoadolfoalsina.com', '12345'),
(299, 'Tania Giuliana', 'Lopez', 'tania.lopez.a@institutoadolfoalsina.com', '12345'),
(300, 'Luna Nataly', 'Maldonado', 'luna.maldonado.a@institutoadolfoalsina.com', '12345'),
(301, 'Malena Agustina', 'Mars', 'malena.mars.a@institutoadolfoalsina.com', '12345'),
(302, 'Carolina Luisel', 'Monje', 'carolina.monje.a@institutoadolfoalsina.com', '12345'),
(303, 'Dante Benjamin', 'Moran Gallo', 'dante.moran.a@institutoadolfoalsina.com', '12345'),
(304, 'Pilar Jazmin', 'Moyano', 'pilar.moyano.a@institutoadolfoalsina.com', '12345'),
(305, 'Benicio', 'Perrone Roldan', 'benicio.perrone.a@institutoadolfoalsina.com', '12345'),
(306, 'Hanna', 'Pinto', 'hanna.pinto.a@institutoadolfoalsina.com', '12345'),
(307, 'Angeles Valentina', 'Prado', 'angeles.prado.a@institutoadolfoalsina.com', '12345'),
(308, 'Ramiro Ismael', 'Prieto', 'ramiro.prieto.a@institutoadolfoalsina.com', '12345'),
(309, 'Bianca', 'Rodriguez', 'a.bianca.rodriguez@institutoadolfoalsina.com', '12345'),
(310, 'Maximo Benjamin', 'Sanabria', 'maximo.sanabria.a@institutoadolfoalsina.com', '12345'),
(311, 'Camila Antonella', 'Signorino', 'camila.signorino.a@institutoadolfoalsina.com', '12345'),
(312, 'Thiago Benjamin', 'Tolaba', 'thiago.tolaba.a@institutoadolfoalsina.com', '12345'),
(313, 'Bautista', 'Vellido Lopez', 'bautista.vellido.a@institutoadolfoalsina.com', '12345'),
(314, 'Catalina', 'Bareiro', 'catalina.bareiro.a@institutoadolfoalsina.com', '12345'),
(315, 'Liam Alejandro', 'Calabrese', 'liam.calabrez.a@institutoadolfoalsina.com', '12345'),
(316, 'Tobias Emmanuel', 'Cantero', 'tobias.cantero.a@institutoadolfoalsina.com', '12345'),
(317, 'Juan Cruz', 'Cardozo', 'juan.cardozo.a@institutoadolfoalsina.com', '12345'),
(318, 'Santiago Uriel', 'Castro Gonzalez', 'santiago.castro.a@institutoadolfoalsina.com', '12345'),
(319, 'Valentina Aylen', 'Ceratto Da Luz', 'valentina.ceratto.a@institutoadolfoalsina.com', '12345'),
(320, 'Antonella Abril', 'Francica', 'antonella.francica.a@institutoadolfoalsina.com', '12345'),
(321, 'Benicio Agustin', 'Gauna Luque', 'benicio.luquegauna.a@institutoadolfoalsina.com', '12345'),
(322, 'Emma Jazmin', 'Godoy', 'emma.godoy.a@institutoadolfoalsina.com', '12345'),
(323, 'Benjamin', 'Jaime', 'benjamin.jaime.a@institutoadolfoalsina.com', '12345'),
(324, 'Erica Agustina', 'Jimenez', 'erica.jimenez.a@institutoadolfoalsina.com', '12345'),
(325, 'Julieta Sol', 'Lucena', 'julieta.lucena.a@institutoadolfoalsina.com', '12345'),
(326, 'Fabrizio Jose', 'Maqueda', 'fabrizio.maqueda.a@institutoadolfoalsina.com', '12345'),
(327, 'Ema Alma Mia', 'Marza', 'ema.marza.a@institutoadolfoalsina.com', '12345'),
(328, 'Bautista', 'Medina Pereira', 'bautista.medina.a@institutoadolfoalsina.com', '12345'),
(329, 'Mora', 'Modon', 'mora.modon.a@institutoadolfoalsina.com', '12345'),
(330, 'Lucas Martin', 'Montre', 'lucas.montre.a@institutoadolfoalsina.com', '12345'),
(331, 'Brisa Lujan', 'Monzon', 'brisa.monzon.a@institutoadolfoalsina.com', '12345'),
(332, 'Martina Eluney', 'Muñoz Millan', 'martina.munoz.a@institutoadolfoalsina.com', '12345'),
(333, 'Sofia Valentina', 'Oporto Blanco', 'sofia.oporto.a@institutoadolfoalsina.com', '12345'),
(334, 'Jazmin Abril', 'Peralta Medina', 'jazmin.peralta.a@institutoadolfoalsina.com', '12345'),
(335, 'Ian Carlos', 'Rea Tapia', 'ian.rea.a@institutoadolfoalsina.com', '12345'),
(336, 'Joan Michael', 'Rea Tapia', 'joan.rea.a@institutoadolfoalsina.com', '12345'),
(337, 'Camila Isabel', 'Rodriguez', 'camila.rodriguez.a@institutoadolfoalsina.com', '12345'),
(338, 'Guadalupe Antonella', 'Rodriguez', 'guadalupe.rodriguez.a@institutoadolfoalsina.com', '12345'),
(339, 'Luana Victoria', 'Rodriguez', 'luana.rodriguez.a@institutoadolfoalsina.com', '12345'),
(340, 'Dante Eliam', 'Sanchez', 'dante.sanchez.a@institutoadolfoalsina.com', '12345'),
(341, 'Zoe Eileen', 'Sola Dominguez', 'zoe.sola.a@institutoadolfoalsina.com', '12345'),
(342, 'Fernando Roman', 'Stracquadaini', 'fernando.stracquadaini.a@institutoadolfoalsina.com', '12345'),
(343, 'Alma Jazmin', 'Torrez', 'alma.torrez.a@institutoadolfoalsina.com', '12345'),
(344, 'Violeta', 'Valdez', 'violeta.valdez.a@institutoadolfoalsina.com', '12345'),
(345, 'Guadalupe Mailen', 'Veliz Gouin', 'guadalupe.veliz.a@institutoadolfoalsina.com', '12345'),
(346, 'Thiago Lionel', 'Vera', 'thiago.vera.a@institutoadolfoalsina.com', '12345'),
(347, 'Renata Serena', 'Acuña', 'renata.acuna.a@institutoadolfoalsina.com', '12345'),
(348, 'Maximo Mateo Jesus', 'Calizaya', 'maximo.calizaya.a@institutoadolfoalsina.com', '12345'),
(349, 'Valentino Eloy', 'Cloquel', 'valentino.cloquel.a@institutoadolfoalsina.com', '12345'),
(350, 'Agustina Kiara', 'Coman', 'agustina.coman.a@institutoadolfoalsina.com', '12345'),
(351, 'Mirko', 'Czajkowski', 'mirko.czajkowski.a@institutoadolfoalsina.com', '12345'),
(352, 'Benjamin Alejandro', 'D\'Elia', 'benjamin.delia.a@institutoadolfoalsina.com', '12345'),
(353, 'Luca', 'Descarrega', 'luca.descarrega.a@institutoadolfoalsina.com', '12345'),
(354, 'Melina', 'Di Gilio', 'melina.digilio.a@institutoadolfoalsina.com', '12345'),
(355, 'Giovanni Benjamin', 'Dottori', 'giovanni.dottori.a@institutoadolfoalsina.com', '12345'),
(356, 'Mateo Benicio', 'Duo', 'mateo.duo.a@institutoadolfoalsina.com', '12345'),
(357, 'Bayron Gael', 'Esquivel', 'bayron.esquivel.a@institutoadolfoalsina.com', '12345'),
(358, 'Isabella', 'Etcheverry', 'isabella.etcheverry.a@institutoadolfoalsina.com', '12345'),
(359, 'Martina', 'Etcheverry', 'martina.etcheverry.a@institutoadolfoalsina.com', '12345'),
(360, 'Micaela', 'Gomez', 'micaela.gomez.a@institutoadolfoalsina.com', '12345'),
(361, 'Augusto', 'Lopez Bissoni', 'augusto.lopez.a@institutoadolfoalsina.com', '12345'),
(362, 'Alma Victoriana', 'Maciel Ciamberlini', 'alma.maciel.a@institutoadolfoalsina.com', '12345'),
(363, 'Macarena Abigail', 'Martinez Dupuy', 'macarena.martinez.a@institutoadolfoalsina.com', '12345'),
(364, 'Thiago Benjamin', 'Mesa', 'thiago.mesa.a@institutoadolfoalsina.com', '12345'),
(365, 'Salvador Fernando', 'Mollo Claure', 'salvador.mollo.a@institutoadolfoalsina.com', '12345'),
(366, 'Mia Ayelen', 'Moreyra', 'mia.moreyra.a@institutoadolfoalsina.com', '12345'),
(367, 'Ambar Catalina', 'Navarro Pinto', 'ambar.navarro.a@institutoadolfoalsina.com', '12345'),
(368, 'Bautista Imanol', 'Perez', 'bautista.perez.a@institutoadolfoalsina.com', '12345'),
(369, 'Ian', 'Rodriguez Sanchez', 'ian.rodriguez.a@institutoadolfoalsina.com', '12345'),
(370, 'Ian Joaquin', 'Rolon Diaz', 'ian.rolon.a@institutoadolfoalsina.com', '12345'),
(371, 'Carlos Sebastian', 'Saldibar', 'carlos.saldibar.a@institutoadolfoalsina.com', '12345'),
(372, 'Selena Yolanda', 'Sequeira', 'selena.sequeira.a@institutoadolfoalsina.com', '12345'),
(373, 'Bianca Ludmila', 'Soria Villanueva', 'bianca.soria.a@institutoadolfoalsina.com', '12345'),
(374, 'Mariano Valentin', 'Suero Maldonado', 'mariano.suero.a@institutoadolfoalsina.com', '12345'),
(375, 'Benjamin Ignacio', 'Toledo', 'benjamin.toledo.a@institutoadolfoalsina.com', '12345'),
(376, 'Sofia Martina', 'Aguirre', 'sofia.aguirre.a@institutoadolfoalsina.com', '12345'),
(377, 'Fabian Junior', 'Alogo Escalada', 'fabian.alogo.a@institutoadolfoalsina.com', '12345'),
(378, 'Alma Valentina', 'Benitez', 'alma.benitez.a@institutoadolfoalsina.com', '12345'),
(379, 'Martina', 'Cantero Ozuna', 'martina.cantero.a@institutoadolfoalsina.com', '12345'),
(380, 'Milena Hebe', 'Cejas', 'milena.cejas.a@institutoadolfoalsina.com', '12345'),
(381, 'Liam Nahuel', 'Da Costa Reis', 'reisliam.da.a@institutoadolfoalsina.com', '12345'),
(382, 'Bruno Bautista', 'Diaz Lara', 'bruno.diaz.a@institutoadolfoalsina.com', '12345'),
(383, 'Bastian', 'Ferreyra', 'bastian.ferreyra.a@institutoadolfoalsina.com', '12345'),
(384, 'Camila Guadalupe', 'Flores', 'camila.flores.a@institutoadolfoalsina.com', '12345'),
(385, 'Valentino', 'Gonzalez', 'valentino.gonzalez.a@institutoadolfoalsina.com', '12345'),
(386, 'Zoe Milagros', 'Graña', 'zoe.grana.a@institutoadolfoalsina.com', '12345'),
(387, 'Jacqueline Daiana', 'Ibarra', 'jacqueline.ibarra.a@institutoadolfoalsina.com', '12345'),
(388, 'Jorge Martin', 'Morales', 'jorge.morales.a@institutoadolfoalsina.com', '12345'),
(389, 'Alexis Gabriel', 'More', 'alexis.more.a@institutoadolfoalsina.com', '12345'),
(390, 'Catalina Jazmin', 'Muñoz', 'catalina.munoz.a@institutoadolfoalsina.com', '12345'),
(391, 'Geronimo David', 'Ochoa', 'geronimo.ochoa.a@institutoadolfoalsina.com', '12345'),
(392, 'Pilar Sofia', 'Orfano', 'pilar.orfano.a@institutoadolfoalsina.com', '12345'),
(393, 'Nahiara Amancay', 'Oviedo', 'nahiaraamancay.oviedo.a@institutoadolfoalsina.com', '12345'),
(394, 'Mateo Agustin', 'Pedra', 'mateo.pedra.a@institutoadolfoalsina.com', '12345'),
(395, 'Morena Jazmin', 'Presentado', 'morena.presentado.a@institutoadolfoalsina.com', '12345'),
(396, 'Katherine Giselle', 'Rea Cruz', 'katherine.rea.a@institutoadolfoalsina.com', '12345'),
(397, 'Jazmin Agustina', 'Rodriguez', 'jazmin.rodriguez.a@institutoadolfoalsina.com', '12345'),
(398, 'Luciana Abigail', 'Rodriguez', 'luciana.rodriguez.a@institutoadolfoalsina.com', '12345'),
(399, 'Benicio Donato', 'Rossig', 'benicio.rossig.a@institutoadolfoalsina.com', '12345'),
(400, 'Julieta Brenda', 'Sanabria', 'julieta.sanabria.a@institutoadolfoalsina.com', '12345'),
(401, 'Fabrizio Ayrton', 'Sena', 'fabrizio.sena.a@institutoadolfoalsina.com', '12345'),
(402, 'Alahi Martina', 'Soraire Ramirez', 'alahi.soraire.a@institutoadolfoalsina.com', '12345'),
(403, 'Helena Guadalupe', 'Alvarez Davalos', 'helena.alvarez.a@institutoadolfoalsina.com', '12345'),
(404, 'Luciano Tomas', 'Benitez', 'luciano.benitez.a@institutoadolfoalsina.com', '12345'),
(405, 'Mateo Roman', 'Cano', 'roman.cano.a@institutoadolfoalsina.com', '12345'),
(406, 'Franco', 'Cebey', 'franco.cebey.a@institutoadolfoalsina.com', '12345'),
(407, 'Leonardo', 'Diaz', 'leonardo.diaz.a@institutoadolfoalsina.com', '12345'),
(408, 'Delfina Sofia', 'Dottori', 'delfina.dottori.a@institutoadolfoalsina.com', '12345'),
(409, 'Tiana Nicole', 'Errequet', 'tiana.errequet.a@institutoadolfoalsina.com', '12345'),
(410, 'Yanka Ayme', 'Flores', 'yanka.flores.a@institutoadolfoalsina.com', '12345'),
(411, 'Santiago Gabriel', 'Godoy', 'santiago.godoy.a@institutoadolfoalsina.com', '12345'),
(412, 'Jade Maria Victoria', 'Gomez', 'jade.gomez.a@institutoadolfoalsina.com', '12345'),
(413, 'Renata', 'Gonzalez Tarelli', 'renata.gonzalez.a@institutoadolfoalsina.com', '12345'),
(414, 'Paola', 'Hernandez Claro Benitez', 'paola.hernandez.a@institutoadolfoalsina.com', '12345'),
(415, 'Nahiara Quimey', 'Lambertini', 'nahiara.lambertini.a@institutoadolfoalsina.com', '12345'),
(416, 'Nicolas Santino', 'Leghero', 'nicolas.leghero.a@institutoadolfoalsina.com', '12345'),
(417, 'Bruno Nicolas', 'Lopez', 'bruno.lopez.a@institutoadolfoalsina.com', '12345'),
(418, 'Ciro Thomas', 'Martina', 'ciro.martina.a@institutoadolfoalsina.com', '12345'),
(419, 'Mia Lucia', 'Martinez', 'mia.martinez.a@institutoadolfoalsina.com', '12345'),
(420, 'Sebastian Nahuel', 'Martinez Leghero', 'sebastian.martinez.a@institutoadolfoalsina.com', '12345'),
(421, 'Martina Ailin', 'Meza', 'martina.meza.a@institutoadolfoalsina.com', '12345'),
(422, 'Martin Leandro', 'Mouzo', 'martin.mouzo.a@institutoadolfoalsina.com', '12345'),
(423, 'Iris Morena', 'Muñoa Barrios', 'iris.munoa.a@institutoadolfoalsina.com', '12345'),
(424, 'Mijael Lazaro', 'Pastor', 'mijael.pastor.a@institutoadolfoalsina.com', '12345'),
(425, 'Catalina', 'Peralta', 'catalina.peralta.a@institutoadolfoalsina.com', '12345'),
(426, 'Delfina', 'Pichler', 'delfina.pichler.a@institutoadolfoalsina.com', '12345'),
(427, 'Gael Joaquin', 'Ponzio', 'gael.ponzio.a@institutoadolfoalsina.com', '12345'),
(428, 'Victoria', 'Rey', 'victoria.rey.a@institutoadolfoalsina.com', '12345'),
(429, 'Bautista Joaquin', 'Rodriguez', 'bautista.rodriguez.a@institutoadolfoalsina.com', '12345'),
(430, 'Valentino Ezequiel', 'Rossig', 'valentino.rossig.a@institutoadolfoalsina.com', '12345'),
(431, 'Maximo Leonel', 'Santillan', 'maximo.santillan.a@institutoadolfoalsina.com', '12345'),
(432, 'Jeremias', 'Suarez', 'jeremias.suarez.a@institutoadolfoalsina.com', '12345'),
(433, 'Victoria Morena', 'Zalazar', 'victoria.zalazar.a@institutoadolfoalsina.com', '12345'),
(434, 'Daira Ileana', 'Aguilera', 'daira.aguilera.a@institutoadolfoalsina.com', '12345'),
(435, 'Lucia', 'Alarcon', 'lucia.alarcon.a@institutoadolfoalsina.com', '12345'),
(436, 'Pablo Sebastian', 'Balquinta', 'pablo.balquinta.a@institutoadolfoalsina.com', '12345'),
(437, 'Nahiara Alejandra', 'Benitez', 'nahiara.benitez.a@institutoadolfoalsina.com', '12345'),
(438, 'Matias Bautista', 'Cejas', 'matias.cejas.a@institutoadolfoalsina.com', '12345'),
(439, 'Donato Ariel', 'Cordoba', 'donato.cordoba.a@institutoadolfoalsina.com', '12345'),
(440, 'Milagros Delfina Aylen', 'Cortazal', 'milagros.cortazal.a@institutoadolfoalsina.com', '12345'),
(441, 'Constanza Malena', 'Cortegoso', 'constanza.cortegoso.a@institutoadolfoalsina.com', '12345'),
(442, 'Francesca Pilar', 'Dalloglio', 'francesca.dalloglio.a@institutoadolfoalsina.com', '12345'),
(443, 'Nicolas Fernando', 'Diaz', 'nicolas.diaz.a@institutoadolfoalsina.com', '12345'),
(444, 'Maximiliano Ezequiel', 'Escobar', 'maximiliano.escobar.a@institutoadolfoalsina.com', '12345'),
(445, 'Joaquin Lionel', 'Evans', 'joaquin.evans.a@institutoadolfoalsina.com', '12345'),
(446, 'Martina', 'Fernandez Otalora', 'martina.fernandez.a@institutoadolfoalsina.com', '12345'),
(447, 'Luciana Antonella', 'Jimenez', 'luciana.jimenez.a@institutoadolfoalsina.com', '12345'),
(448, 'Martina Monica', 'Juarez Torres', 'martina.juarez.a@institutoadolfoalsina.com', '12345'),
(449, 'Eleonora', 'Langecker Gasc de Vinsac', 'eleonora.langecker.a@institutoadolfoalsina.com', '12345'),
(450, 'Victoria Ariadna', 'Larez', 'victoria.larez.a@institutoadolfoalsina.com', '12345'),
(451, 'Eros Jonathan', 'Mansilla', 'eros.mansilla.a@institutoadolfoalsina.com', '12345'),
(452, 'Luciano Facundo', 'Martorano', 'luciano.martorano.a@institutoadolfoalsina.com', '12345'),
(453, 'Julieta Esperanza', 'Monje', 'julieta.monje.a@institutoadolfoalsina.com', '12345'),
(454, 'Tiziano Benjamin', 'Puntes Dominguez', 'tiziano.puntes.a@institutoadolfoalsina.com', '12345'),
(455, 'Ramiro', 'Roig Penida', 'ramiro.roig.a@institutoadolfoalsina.com', '12345'),
(456, 'Cintia Florencia', 'Romero', 'cintia.romero.a@institutoadolfoalsina.com', '12345'),
(457, 'Francisco Ivan', 'Romero', 'francisco.romero.a@institutoadolfoalsina.com', '12345'),
(458, 'Thomas Martin', 'Santillan Areco', 'thomas.santillan.a@institutoadolfoalsina.com', '12345'),
(459, 'Santino', 'Sena', 'santino.sena.a@institutoadolfoalsina.com', '12345'),
(460, 'Julieta Magali', 'Spagnuolo', 'julieta.spagnuolo.a@institutoadolfoalsina.com', '12345'),
(461, 'Luca Nicolas', 'Vazquez', 'luca.vazquez.a@institutoadolfoalsina.com', '12345'),
(462, 'Sofia Ailin', 'Ventura', 'sofia.ventura.a@institutoadolfoalsina.com', '12345'),
(463, 'Olivia Jazmin', 'Zalazar', 'olivia.zalazar.a@institutoadolfoalsina.com', '12345'),
(464, 'Jazmin', 'Acosta', 'jazmin.acosta.a@institutoadolfoalsina.com', '12345'),
(465, 'Mariam Maya', 'Apinyan', 'apinyan.marian.a@institutoadolfoalsina.com', '12345'),
(466, 'Matias Ezequiel', 'Avalos', 'matias.avalos.a@institutoadolfoalsina.com', '12345'),
(467, 'Delfina Pilar', 'Bisa', 'delfina.bisa.a@institutoadolfoalsina.com', '12345'),
(468, 'Candela Luciana', 'Cerri', 'candela.cerri.a@institutoadolfoalsina.com', '12345'),
(469, 'Victoria', 'Dante', 'victoria.dante.a@institutoadolfoalsina.com', '12345'),
(470, 'Santiago', 'Fernandez Oviedo', 'santiago.fernandez.a@institutoadolfoalsina.com', '12345'),
(471, 'Abril', 'Garcia Avecilla', 'abril.garcia.a@institutoadolfoalsina.com', '12345'),
(472, 'Celeste Micaela', 'Gomez', 'celeste.gomez.a@institutoadolfoalsina.com', '12345'),
(473, 'Bianca Belen', 'Gonzalez', 'bianca.gonzalez.a@institutoadolfoalsina.com', '12345'),
(474, 'Jeremias Valentin', 'Lattar', 'jeremias.lattar.a@institutoadolfoalsina.com', '12345'),
(475, 'Ezequiel Agustin', 'Lencina', 'ezequiel.lencina.a@institutoadolfoalsina.com', '12345'),
(476, 'Juliana Naiara', 'Lorenzo', 'juliana.lorenzo.a@institutoadolfoalsina.com', '12345'),
(477, 'Nahuel', 'Maehokama', 'nahuel.maehokama.a@institutoadolfoalsina.com', '12345'),
(478, 'Thiago Valentin', 'Navarro', 'thiago.navarro.a@institutoadolfoalsina.com', '12345'),
(479, 'Dante Tiziano', 'Ojeda Martinez', 'dante.ojeda.a@institutoadolfoalsina.com', '12345'),
(480, 'Bruno Samuel', 'Pereira', 'bruno.pereira.a@institutoadolfoalsina.com', '12345'),
(481, 'Milagros Aymara', 'Quiñones Merola', 'milagros.quinones.a@institutoadolfoalsina.com', '12345'),
(482, 'Mia Ambar', 'Ramirez Garcia', 'mia.ramirez.a@institutoadolfoalsina.com', '12345'),
(483, 'Santiago Alejandro', 'Rodriguez', 'rodriguez.santiago.a@institutoadolfoalsina.com', '12345'),
(484, 'Dylan Santino', 'Rolon Godoy', 'rolon.dylan.a@institutoadolfoalsina.com', '12345'),
(485, 'Santiago Benjamin', 'Romero', 'santiago.romero.a@institutoadolfoalsina.com', '12345'),
(486, 'Candela', 'Rossi', 'candela.rossi.a@institutoadolfoalsina.com', '12345'),
(487, 'Ivan Leonardo', 'Sabeltsev', 'ivan.sabeltsev.a@institutoadolfoalsina.com', '12345'),
(488, 'Julian Agustin', 'Schenone Mateos', 'julian.schenone.a@institutoadolfoalsina.com', '12345'),
(489, 'Mia Desiree', 'Torres', 'mia.torres.a@institutoadolfoalsina.com', '12345'),
(490, 'Urian David', 'Torres', 'urian.torres.a@institutoadolfoalsina.com', '12345'),
(491, 'Ryan Alma', 'Tozzi', 'ryan.tozzi.a@institutoadolfoalsina.com', '12345'),
(492, 'Oriana Aylen', 'Trech', 'oriana.trech.a@institutoadolfoalsina.com', '12345'),
(493, 'Josefina Alma', 'Veliz Gouin', 'josefina.veliz.a@institutoadolfoalsina.com', '12345'),
(494, 'Danna Eugenia', 'Zalazar', 'danna.zalazar.a@institutoadolfoalsina.com', '12345'),
(496, 'Luana Abril', 'Ayala Moreno', 'luana.ayala.a@institutoadolfoalsina.com', '12345'),
(497, 'Mateo Ezequiel', 'Belinsky', 'mateo.belinsky.a@institutoadolfoalsina.com', '12345'),
(498, 'Ezequiel Agustin', 'Berutti', 'ezequiel.berutti.a@institutoadolfoalsina.com', '12345'),
(499, 'Benjamin', 'Caceres', 'benjamin.caceres.a@institutoadolfoalsina.com', '12345'),
(500, 'Facundo', 'Cantero', 'facundo.cantero.a@institutoadolfoalsina.com', '12345'),
(501, 'Zoe Magali', 'Cejas Pavon', 'zoe.cejas.a@institutoadolfoalsina.com', '12345'),
(502, 'Candela Anahi', 'Cortez Fumilla', 'candela.cortez.a@institutoadolfoalsina.com', '12345'),
(503, 'Luisana Victoria', 'Cubilla', 'luisana.cubilla.a@institutoadolfoalsina.com', '12345'),
(504, 'Brisa Yasmin', 'Diaz Lara', 'lara.diaz.a@institutoadolfoalsina.com', '12345'),
(505, 'Giuliana Morena', 'Drago', 'giuliana.drago.a@institutoadolfoalsina.com', '12345'),
(506, 'Thiago Martin', 'Ferreyra', 'thiago.ferreyra.a@institutoadolfoalsina.com', '12345'),
(507, 'Roman', 'Frangella', 'roman.frangella.a@institutoadolfoalsina.com', '12345'),
(508, 'Renata Aylen', 'Garcia', 'renata.garcia.a@institutoadolfoalsina.com', '12345'),
(509, 'Ayrton Maximiliano', 'Giangiacomo', 'ayrton.giangiacomo.a@institutoadolfoalsina.com', '12345'),
(510, 'Maia Ludmila', 'Gimenez Rosales', 'maia.gimenez.a@institutoadolfoalsina.com', '12345'),
(511, 'Morena', 'Godoy', 'morena.godoy.a@institutoadolfoalsina.com', '12345'),
(512, 'Dylan Emilio Mauricio', 'Gomez', 'dylan.gomez.a@institutoadolfoalsina.com', '12345'),
(513, 'Brisa Josefina', 'Gonzalez', 'gonzalez.brisa.a@institutoadolfoalsina.com', '12345'),
(514, 'Lucila Ailen', 'Ibañez', 'lucila.ibanez.a@institutoadolfoalsina.com', '12345'),
(515, 'Morena Ludmila', 'Leiva', 'leiva.morena.a@institutoadolfoalsina.com', '12345'),
(516, 'Brisa Berenice', 'Lucena', 'brisa.lucena.a@institutoadolfoalsina.com', '12345'),
(517, 'Milagros Micaela', 'Mollo Claure', 'milagros.mollo.a@institutoadolfoalsina.com', '12345'),
(518, 'Camila Erika', 'Moreno', 'camila.moreno.a@institutoadolfoalsina.com', '12345'),
(519, 'Sofia', 'Muñoz', 'munoz.sofia.a@institutoadolfoalsina.com', '12345'),
(520, 'Milagros Alanis', 'Ramirez', 'milagrosalanis.ramirez.a@institutoadolfoalsina.com', '12345'),
(521, 'Bianca Jazmin', 'Rodriguez', 'bianca.rodriguez.a@institutoadolfoalsina.com', '12345'),
(522, 'Alexis Damian', 'Rodriguez Pereira', 'rodriguez.alexis.a@institutoadolfoalsina.com', '12345'),
(523, 'Mia Magali', 'Salinas', 'mia.salinas.a@institutoadolfoalsina.com', '12345'),
(524, 'Melina Luciana', 'Scandrolli', 'melina.scandrolli.a@institutoadolfoalsina.com', '12345'),
(525, 'Daniela Abril', 'Sena', 'daniela.sena.a@institutoadolfoalsina.com', '12345'),
(526, 'Mateo David', 'Sesin', 'mateo.sesin.a@institutoadolfoalsina.com', '12345'),
(527, 'Joaquin', 'Terrana', 'joaquin.terrana.a@institutoadolfoalsina.com', '12345'),
(528, 'Nayla Nami', 'Van Haezevelde', 'nayla.van.a@institutoadolfoalsina.com', '12345'),
(529, 'Axel Benjamin', 'Velozo', 'benjamin.velozo@institutoadolfoalsina.com', '12345'),
(530, 'Mia Eugenia', 'Villarreal Correa', 'mia.villarreal.a@institutoadolfoalsina.com', '12345'),
(531, 'Tobias Ivan', 'Aguirre', 'tobias.aguirre.a@institutoadolfoalsina.com', '12345'),
(532, 'Santiago', 'Alba', 'santiago.alba.a@institutoadolfoalsina.com', '12345'),
(533, 'Milena Rocio', 'Amoroso', 'milena.amoroso.a@institutoadolfoalsina.com', '12345'),
(534, 'Santiago Matias', 'Angueira', 'santiago.angueira.a@institutoadolfoalsina.com', '12345'),
(535, 'Melanie Yael', 'Barria Aguila', 'barria.melanie.a@institutoadolfoalsina.com', '12345'),
(536, 'Lautaro', 'Beltran', 'lautaro.beltran.a@institutoadolfoalsina.com', '12345'),
(537, 'Tiara Agustina', 'Benitez Abalo', 'tiara.benitez.a@institutoadolfoalsina.com', '12345'),
(538, 'Santino David', 'Bevilacqua', 'santino.bevilacqua.a@institutoadolfoalsina.com', '12345'),
(539, 'Juliana Milena', 'Carazo Basualdo', 'juliana.carazo.a@institutoadolfoalsina.com', '12345'),
(540, 'Santino Valentin', 'Castaño Velazquez', 'santino.castano.a@institutoadolfoalsina.com', '12345'),
(541, 'Mia Catalina', 'Dauplin', 'mia.dauplin.a@institutoadolfoalsina.com', '12345'),
(542, 'Bruno Martin', 'De La Fuente', 'bruno.delafuente.a@institutoadolfoalsina.com', '12345'),
(543, 'Malena Abigail', 'Dianis', 'malena.dianis.a@institutoadolfoalsina.com', '12345'),
(544, 'Thiago Joaquin', 'Diaz', 'thiago.diaz.a@institutoadolfoalsina.com', '12345'),
(545, 'Victoria Julieta', 'Duran', 'victoria.duran.a@institutoadolfoalsina.com', '12345'),
(546, 'Francisco Nicolas', 'Hernandez Oliva', 'francisco.hernandez.a@institutoadolfoalsina.com', '12345'),
(547, 'Ambar Denise', 'Ledezma', 'ambar.ledezma.a@institutoadolfoalsina.com', '12345'),
(548, 'Aaron', 'Luna', 'luna.aaron.a@institutoadolfoalsina.com', '12345'),
(549, 'Tomas Emanuel', 'Maciel Ciamberlini', 'tomas.maciel.a@institutoadolfoalsina.com', '12345'),
(550, 'Tamara Aylen', 'Molina', 'tamara.molina.a@institutoadolfoalsina.com', '12345'),
(551, 'Luca Agustin', 'Perez', 'luca.perez.a@institutoadolfoalsina.com', '12345'),
(552, 'Maitena', 'Perrone Roldan', 'maitena.perroneroldan.a@institutoadolfoalsina.com', '12345'),
(553, 'Mailen Denise', 'Ponce', 'mailen.ponce.a@institutoadolfoalsina.com', '12345'),
(554, 'Priscila Aylen', 'Rodriguez', 'priscila.rodriguez.a@institutoadolfoalsina.com', '12345'),
(555, 'Sofia Aylen', 'Rodriguez', 'sofia.rodriguez.a@institutoadolfoalsina.com', '12345'),
(556, 'Aymara Nicole', 'Rojas', 'aymara.rojas.a@institutoadolfoalsina.com', '12345'),
(557, 'Sofia Maitena', 'Rojas', 'sofia.rojas.a@institutoadolfoalsina.com', '12345'),
(558, 'Alejo Federico', 'Ruiz', 'alejo.ruiz.a@institutoadolfoalsina.com', '12345'),
(559, 'Uma Maitena', 'Sarmiento', 'uma.sarmiento.a@institutoadolfoalsina.com', '12345'),
(560, 'Melanie Rocio', 'Segato', 'rocio.segato.a@institutoadolfoalsina.com', '12345'),
(561, 'Lautaro Matias', 'Soria Villanueva', 'lautaro.soria.a@institutoadolfoalsina.com', '12345'),
(562, 'Joaquin', 'Tobio', 'joaquin.tobio.a@institutoadolfoalsina.com', '12345'),
(563, 'Agustin', 'Villanova Frati', 'vilanova.frati.a@institutoadolfoalsina.com', '12345'),
(564, 'Luna Jazmin', 'Vitola Carillo', 'luna.vitolacarillo.a@institutoadolfoalsina.com', '12345'),
(565, 'Nicolas Agustin', 'Wiesener', 'nicolas.wiesener.a@institutoadolfoalsina.com', '12345'),
(566, 'Luana Jazmin', 'Andino', 'luana.andino.a@institutoadolfoalsina.com', '12345'),
(567, 'Lautaro Joaquin', 'Andreoti', 'lautaro.andreoti.a@institutoadolfoalsina.com', '12345'),
(568, 'Mia', 'Aparicio', 'mia.aparicio.a@institutoadolfoalsina.com', '12345'),
(569, 'Fiorella Eunice', 'Arcaro', 'fiorella.arcaro.a@institutoadolfoalsina.com', '12345'),
(570, 'Juan Benjamin Santino', 'Benitez', 'juan.benitez.a@institutoadolfoalsina.com', '12345'),
(571, 'Brisa Jazmin', 'Bourquin', 'brisa.bourquin.a@institutoadolfoalsina.com', '12345'),
(572, 'Ludmila Aylen', 'Boxer', 'ludmila.boxer.a@institutoadolfoalsina.com', '12345'),
(573, 'Milagros Jezabel', 'Campillo', 'milagros.campillo.a@institutoadolfoalsina.com', '12345'),
(574, 'Zoe Carolina', 'Cardozo', 'zoe.cardozo.a@institutoadolfoalsina.com', '12345'),
(575, 'Lourdes', 'Correa Schantl', 'schantl.correa.a@institutoadolfoalsina.com', '12345'),
(576, 'Naira Belen', 'Dominguez', 'nairabelen.dominguez.a@institutoadolfoalsina.com', '12345'),
(577, 'Matias Sebastian', 'Gomez', 'matias.gomez.a@institutoadolfoalsina.com', '12345'),
(578, 'Marcos Tobias', 'Gomez Vazquez', 'marcos.gomez.a@institutoadolfoalsina.com', '12345'),
(579, 'Gael Nicolas', 'Jimenez', 'gael.jimenez.a@institutoadolfoalsina.com', '12345'),
(580, 'Natale Kiara Guadalupe', 'Lemos', 'kiara.lemos.a@institutoadolfoalsina.com', '12345'),
(581, 'Agustina Micaela', 'Lucioni', 'agustina.lucioni.a@institutoadolfoalsina.com', '12345'),
(582, 'Candela Soledad', 'Marrone', 'candela.marrone.a@institutoadolfoalsina.com', '12345'),
(583, 'Martina Quimey', 'Monserrat', 'martina.monserrat.a@institutoadolfoalsina.com', '12345'),
(584, 'Alma Paloma', 'Pavon', 'alma.pavon.a@institutoadolfoalsina.com', '12345'),
(585, 'Nicolas Alejandro', 'Prieto', 'nicolas.prieto.a@institutoadolfoalsina.com', '12345'),
(586, 'Valentin Isaias', 'Puntes Dominguez', 'valentin.puntes.a@institutoadolfoalsina.com', '12345'),
(587, 'Naiara Agostina', 'Risso', 'naiara.risso.a@institutoadolfoalsina.com', '12345'),
(588, 'Lourdes Martina', 'Romero', 'lourdes.romero.a@institutoadolfoalsina.com', '12345'),
(589, 'Martina Milena', 'Ruiz', 'martina.ruiz.a@institutoadolfoalsina.com', '12345'),
(590, 'Bautista Ezequiel', 'San Maria', 'bautista.san.a@institutoadolfoalsina.com', '12345'),
(591, 'Benjamin Ezequiel', 'Tabaqui', 'benjamin.tabaqui.a@institutoadolfoalsina.com', '12345'),
(592, 'Uma Geraldine', 'Tolaba', 'uma.tolaba.a@institutoadolfoalsina.com', '12345'),
(593, 'Leila Micaela', 'Torres', 'leila.torres.a@institutoadolfoalsina.com', '12345'),
(597, 'Alex', 'Roldan', 'alex.roldan.a@institutoadolfoalsina.com', '12345'),
(598, 'rosana', 'ferraro', 'ferrarorosana3@gmail.com', '12345'),
(599, 'gabriela', 'oviedo', 'gabrielaoviedo1989@gmail.com', '12345'),
(600, 'dina', 'gonz', 'dina.gonz28@outlook.com', '12345'),
(601, 'pao', 'villarino', 'paovillarino@gmail.com', '12345'),
(602, 'luis', 'benitez', 'luisbenitez1712@gmail.com', '12345'),
(603, 'brisa', 'micaela', 'brisamicaela2002@hotmail.com', '12345'),
(604, 'ana', 'rivarola', 'anarivarola10@gmail.com', '12345'),
(605, 'walter', 'boxer', 'walterboxer@gmail.com', '12345'),
(606, 'ariel', 'colman', 'arielcolman@yahoo.com', '12345'),
(607, 'jorge', 'musk', 'jorgemusk@hotmail.com', '12345'),
(608, 'lc', 'mendoza', 'lcmendoza0@outlook.com', '12345'),
(609, 'abigail', 'bianchi', 'Abigail.Bianchi@hotmail.es', '12345'),
(610, 'nel', 'laturca', 'nel_laturca@hotmail.com', '12345'),
(611, 'daniela', 'deluca', 'danielacdeluca@hotmail.com', '12345'),
(612, 'sol', 'cordoba', 'sol_cordoba_07@hotmail.com', '12345'),
(613, 'f', 'milagros', 'fmilagros85@gmail.com', '12345'),
(614, 'marisa', 'avecilla', 'marisa.avecilla77@gmail.com', '12345'),
(615, 'marisa', 'noelia', 'marisanoeliarobertaavecilla@gmail.com', '12345'),
(616, 'maximiliano', 'giangiacomo', 'maximilianogiangiacomo@gmail.com', '12345'),
(617, 'estudio', 'cruzromina', 'estudiocruzromina@gmail.com', '12345'),
(618, 'gomezcruz', 'secundaria', 'gomezcruzsecundaria@gmail.com', '12345'),
(619, 'vanimer', 'pili', 'vanimerpili@gmail.com', '12345'),
(620, 'rebeca', 'almeira', 'rebeca.almeira@temple.com.ar', '12345'),
(621, 'rebeca', 'almeira', 'rebecaalmeira1@gmail.com', '12345'),
(622, 'agustina', 'pasquale', 'agustinapasquale23@gmail.com', '12345'),
(623, 'mauricio', 'lattar', 'Mauriciolattar@hotmail.com', '12345'),
(624, 'julilia', 'mjoa', 'juliliamjoa@gmail.com', '12345'),
(625, 'maxi', 'maca', 'maxi.maca.carp@gmail.com', '12345'),
(626, 'kary', 'la', 'kary_la13@outlook.com', '12345'),
(627, 'lickarina', 'aleruiz', 'lickarinaaleruiz@gmail.com', '12345'),
(628, 'somosfamilia', 'monje', 'somosfamiliamonje@gmail.com', '12345'),
(629, 'fla', 'acosta', 'flaacosta1974@gmail.com', '12345'),
(630, 'financial', 'baires', 'financialbaires@gmail.com', '12345'),
(631, 'secundaria', 'dsp', 'secundariadsp@gmail.com', '12345'),
(632, 'mayra', 'andrade', 'mayraandrade0823@gmail.com', '12345'),
(633, 'natali', 'lodo', 'natalilodo@hotmail.com', '12345'),
(634, 'lorena', 'galan', 'lorenagalan87@gmail.com', '12345'),
(635, 'lorena', 'galan', 'lorenagalan09@gmail.com', '12345'),
(646, 'leylus', '', 'leylus_05@hotmail.com', '12345'),
(647, 'leilita', '', 'leilita0914@gmail.com', '12345'),
(648, 'romael', '', 'romael-82@hotmail.com', '12345'),
(649, 'tiempodecantar', '', 'tiempodecantar@gmail.com', '12345'),
(650, 'benitez', '', 'benitez100713@gmail.com', '12345'),
(652, 'pamemakimay', '', 'pamemakimay@gmail.com', '12345'),
(653, 'marilus', '', 'marilus1880@gmail.com', '12345'),
(654, 'sechu', '', 'sechu2318@gmail.com', '12345'),
(655, 'jenny', '', 'jenny13062009@hotmail.com', '12345'),
(657, 'aduva', '', 'aduva00@hotmail.com', '12345');

-- --------------------------------------------------------

--
-- Estructura de tabla para la tabla `usuario_perfil`
--

CREATE TABLE `usuario_perfil` (
  `id_usuario_perfil` int(11) NOT NULL,
  `id_usuario` int(11) NOT NULL,
  `id_perfil` int(11) NOT NULL
) ENGINE=InnoDB DEFAULT CHARSET=utf8mb4 COLLATE=utf8mb4_unicode_ci;

--
-- Volcado de datos para la tabla `usuario_perfil`
--

INSERT INTO `usuario_perfil` (`id_usuario_perfil`, `id_usuario`, `id_perfil`) VALUES
(22, 1, 1),
(23, 1, 2),
(2, 1, 3),
(1, 1, 4),
(57, 1, 5),
(70, 13, 3),
(71, 13, 5),
(230, 50, 5),
(172, 158, 3),
(173, 159, 3),
(174, 160, 3),
(175, 161, 3),
(176, 162, 3),
(177, 163, 3),
(178, 164, 3),
(179, 165, 3),
(180, 166, 3),
(181, 167, 3),
(182, 168, 3),
(183, 169, 3),
(184, 170, 3),
(185, 171, 3),
(186, 172, 3),
(187, 173, 3),
(188, 174, 3),
(189, 175, 3),
(190, 176, 3),
(191, 177, 3),
(192, 178, 3),
(193, 179, 3),
(194, 180, 3),
(195, 181, 3),
(196, 182, 3),
(197, 183, 3),
(198, 184, 3),
(199, 185, 3),
(200, 186, 3),
(201, 187, 3),
(202, 188, 3),
(203, 189, 3),
(204, 190, 3),
(205, 191, 3),
(206, 192, 3),
(207, 193, 3),
(208, 194, 3),
(209, 195, 3),
(210, 196, 3),
(211, 197, 3),
(212, 198, 3),
(213, 199, 3),
(214, 200, 3),
(215, 201, 3),
(241, 202, 3),
(242, 202, 5),
(217, 203, 3),
(218, 204, 3),
(219, 205, 3),
(220, 206, 3),
(221, 207, 3),
(222, 208, 3),
(223, 209, 3),
(224, 210, 3),
(225, 211, 3),
(226, 212, 3),
(227, 213, 3),
(231, 214, 5),
(232, 215, 5),
(243, 216, 1),
(244, 217, 1),
(245, 218, 1),
(246, 219, 1),
(247, 220, 1),
(248, 221, 1),
(249, 222, 1),
(250, 223, 1),
(251, 224, 1),
(252, 225, 1),
(253, 226, 1),
(254, 227, 1),
(255, 228, 1),
(256, 229, 1),
(257, 230, 1),
(258, 231, 1),
(259, 232, 1),
(260, 233, 1),
(261, 234, 1),
(262, 235, 1),
(263, 236, 1),
(264, 237, 1),
(265, 238, 1),
(266, 239, 1),
(267, 240, 1),
(268, 241, 1),
(269, 242, 1),
(270, 243, 1),
(271, 244, 1),
(272, 245, 1),
(273, 246, 1),
(274, 247, 1),
(275, 248, 1),
(276, 249, 1),
(277, 250, 1),
(278, 251, 1),
(279, 252, 1),
(280, 253, 1),
(281, 254, 1),
(282, 255, 1),
(283, 256, 1),
(284, 257, 1),
(285, 258, 1),
(286, 259, 1),
(287, 260, 1),
(288, 261, 1),
(289, 262, 1),
(290, 263, 1),
(291, 264, 1),
(292, 265, 1),
(293, 266, 1),
(294, 267, 1),
(295, 268, 1),
(296, 269, 1),
(297, 270, 1),
(298, 271, 1),
(299, 272, 1),
(300, 273, 1),
(301, 274, 1),
(302, 275, 1),
(303, 276, 1),
(304, 277, 1),
(305, 278, 1),
(306, 279, 1),
(307, 280, 1),
(308, 281, 1),
(309, 282, 1),
(310, 283, 1),
(311, 284, 1),
(312, 285, 1),
(313, 286, 1),
(314, 287, 1),
(315, 288, 1),
(316, 289, 1),
(317, 290, 1),
(318, 291, 1),
(319, 292, 1),
(320, 293, 1),
(321, 294, 1),
(322, 295, 1),
(323, 296, 1),
(324, 297, 1),
(325, 298, 1),
(326, 299, 1),
(327, 300, 1),
(328, 301, 1),
(329, 302, 1),
(330, 303, 1),
(331, 304, 1),
(332, 305, 1),
(333, 306, 1),
(334, 307, 1),
(335, 308, 1),
(336, 309, 1),
(337, 310, 1),
(338, 311, 1),
(339, 312, 1),
(340, 313, 1),
(341, 314, 1),
(342, 315, 1),
(343, 316, 1),
(344, 317, 1),
(345, 318, 1),
(346, 319, 1),
(347, 320, 1),
(348, 321, 1),
(349, 322, 1),
(350, 323, 1),
(351, 324, 1),
(352, 325, 1),
(353, 326, 1),
(354, 327, 1),
(355, 328, 1),
(356, 329, 1),
(357, 330, 1),
(358, 331, 1),
(359, 332, 1),
(360, 333, 1),
(361, 334, 1),
(362, 335, 1),
(363, 336, 1),
(364, 337, 1),
(365, 338, 1),
(366, 339, 1),
(367, 340, 1),
(368, 341, 1),
(369, 342, 1),
(370, 343, 1),
(371, 344, 1),
(372, 345, 1),
(373, 346, 1),
(374, 347, 1),
(375, 348, 1),
(376, 349, 1),
(377, 350, 1),
(378, 351, 1),
(379, 352, 1),
(380, 353, 1),
(381, 354, 1),
(382, 355, 1),
(383, 356, 1),
(384, 357, 1),
(385, 358, 1),
(386, 359, 1),
(387, 360, 1),
(388, 361, 1),
(389, 362, 1),
(390, 363, 1),
(391, 364, 1),
(392, 365, 1),
(393, 366, 1),
(394, 367, 1),
(395, 368, 1),
(396, 369, 1),
(397, 370, 1),
(398, 371, 1),
(399, 372, 1),
(400, 373, 1),
(401, 374, 1),
(402, 375, 1),
(403, 376, 1),
(404, 377, 1),
(405, 378, 1),
(406, 379, 1),
(407, 380, 1),
(408, 381, 1),
(409, 382, 1),
(410, 383, 1),
(411, 384, 1),
(412, 385, 1),
(413, 386, 1),
(414, 387, 1),
(415, 388, 1),
(416, 389, 1),
(417, 390, 1),
(418, 391, 1),
(419, 392, 1),
(420, 393, 1),
(421, 394, 1),
(422, 395, 1),
(423, 396, 1),
(424, 397, 1),
(425, 398, 1),
(426, 399, 1),
(427, 400, 1),
(428, 401, 1),
(429, 402, 1),
(430, 403, 1),
(431, 404, 1),
(432, 405, 1),
(433, 406, 1),
(434, 407, 1),
(435, 408, 1),
(436, 409, 1),
(437, 410, 1),
(438, 411, 1),
(439, 412, 1),
(440, 413, 1),
(441, 414, 1),
(442, 415, 1),
(443, 416, 1),
(444, 417, 1),
(445, 418, 1),
(446, 419, 1),
(447, 420, 1),
(448, 421, 1),
(449, 422, 1),
(450, 423, 1),
(451, 424, 1),
(452, 425, 1),
(453, 426, 1),
(454, 427, 1),
(455, 428, 1),
(456, 429, 1),
(457, 430, 1),
(458, 431, 1),
(459, 432, 1),
(460, 433, 1),
(461, 434, 1),
(462, 435, 1),
(463, 436, 1),
(464, 437, 1),
(465, 438, 1),
(466, 439, 1),
(467, 440, 1),
(468, 441, 1),
(469, 442, 1),
(470, 443, 1),
(471, 444, 1),
(472, 445, 1),
(473, 446, 1),
(474, 447, 1),
(475, 448, 1),
(476, 449, 1),
(477, 450, 1),
(478, 451, 1),
(479, 452, 1),
(480, 453, 1),
(481, 454, 1),
(482, 455, 1),
(483, 456, 1),
(484, 457, 1),
(485, 458, 1),
(486, 459, 1),
(487, 460, 1),
(488, 461, 1),
(489, 462, 1),
(490, 463, 1),
(491, 464, 1),
(492, 465, 1),
(493, 466, 1),
(494, 467, 1),
(495, 468, 1),
(496, 469, 1),
(497, 470, 1),
(498, 471, 1),
(499, 472, 1),
(500, 473, 1),
(501, 474, 1),
(502, 475, 1),
(503, 476, 1),
(504, 477, 1),
(505, 478, 1),
(506, 479, 1),
(507, 480, 1),
(508, 481, 1),
(509, 482, 1),
(510, 483, 1),
(511, 484, 1),
(512, 485, 1),
(513, 486, 1),
(514, 487, 1),
(515, 488, 1),
(516, 489, 1),
(517, 490, 1),
(518, 491, 1),
(519, 492, 1),
(520, 493, 1),
(521, 494, 1),
(523, 496, 1),
(524, 497, 1),
(525, 498, 1),
(526, 499, 1),
(527, 500, 1),
(528, 501, 1),
(529, 502, 1),
(530, 503, 1),
(531, 504, 1),
(532, 505, 1),
(533, 506, 1),
(534, 507, 1),
(535, 508, 1),
(536, 509, 1),
(537, 510, 1),
(538, 511, 1),
(539, 512, 1),
(540, 513, 1),
(541, 514, 1),
(542, 515, 1),
(543, 516, 1),
(544, 517, 1),
(545, 518, 1),
(546, 519, 1),
(547, 520, 1),
(548, 521, 1),
(549, 522, 1),
(550, 523, 1),
(551, 524, 1),
(552, 525, 1),
(553, 526, 1),
(554, 527, 1),
(555, 528, 1),
(556, 529, 1),
(557, 530, 1),
(558, 531, 1),
(559, 532, 1),
(560, 533, 1),
(561, 534, 1),
(562, 535, 1),
(563, 536, 1),
(564, 537, 1),
(565, 538, 1),
(566, 539, 1),
(567, 540, 1),
(568, 541, 1),
(569, 542, 1),
(570, 543, 1),
(571, 544, 1),
(572, 545, 1),
(573, 546, 1),
(574, 547, 1),
(575, 548, 1),
(576, 549, 1),
(577, 550, 1),
(578, 551, 1),
(579, 552, 1),
(580, 553, 1),
(581, 554, 1),
(582, 555, 1),
(583, 556, 1),
(584, 557, 1),
(585, 558, 1),
(586, 559, 1),
(587, 560, 1),
(588, 561, 1),
(589, 562, 1),
(590, 563, 1),
(591, 564, 1),
(592, 565, 1),
(593, 566, 1),
(594, 567, 1),
(595, 568, 1),
(596, 569, 1),
(597, 570, 1),
(598, 571, 1),
(599, 572, 1),
(600, 573, 1),
(601, 574, 1),
(602, 575, 1),
(603, 576, 1),
(604, 577, 1),
(605, 578, 1),
(606, 579, 1),
(607, 580, 1),
(608, 581, 1),
(609, 582, 1),
(610, 583, 1),
(611, 584, 1),
(612, 585, 1),
(613, 586, 1),
(614, 587, 1),
(615, 588, 1),
(616, 589, 1),
(617, 590, 1),
(618, 591, 1),
(619, 592, 1),
(620, 593, 1),
(622, 597, 1),
(623, 598, 2),
(624, 599, 2),
(625, 600, 2),
(626, 601, 2),
(627, 602, 2),
(628, 603, 2),
(629, 604, 2),
(630, 605, 2),
(631, 606, 2),
(632, 607, 2),
(633, 608, 2),
(634, 609, 2),
(635, 610, 2),
(636, 611, 2),
(637, 612, 2),
(638, 613, 2),
(639, 614, 2),
(640, 615, 2),
(641, 616, 2),
(642, 617, 2),
(643, 618, 2),
(644, 619, 2),
(645, 620, 2),
(646, 621, 2),
(647, 622, 2),
(648, 623, 2),
(649, 624, 2),
(650, 625, 2),
(651, 626, 2),
(652, 627, 2),
(653, 628, 2),
(654, 629, 2),
(655, 630, 2),
(656, 631, 2),
(657, 632, 2),
(658, 633, 2),
(659, 634, 2),
(660, 635, 2),
(671, 646, 2),
(672, 647, 2),
(673, 648, 2),
(674, 649, 2),
(675, 650, 2),
(677, 652, 2),
(678, 653, 2),
(679, 654, 2),
(680, 655, 2),
(682, 657, 2);

--
-- Índices para tablas volcadas
--

--
-- Indices de la tabla `administradores`
--
ALTER TABLE `administradores`
  ADD PRIMARY KEY (`id_admin`),
  ADD KEY `id_usuario` (`id_usuario`);

--
-- Indices de la tabla `alumnos`
--
ALTER TABLE `alumnos`
  ADD PRIMARY KEY (`id_alumno`),
  ADD UNIQUE KEY `dni` (`dni`),
  ADD KEY `id_usuario` (`id_usuario`),
  ADD KEY `id_curso` (`id_curso`);

--
-- Indices de la tabla `alumno_tutor`
--
ALTER TABLE `alumno_tutor`
  ADD PRIMARY KEY (`id_alumno_tutor`),
  ADD UNIQUE KEY `uk_alumno_tutor` (`id_alumno`,`id_tutor`),
  ADD KEY `id_alumno` (`id_alumno`),
  ADD KEY `id_tutor` (`id_tutor`);

--
-- Indices de la tabla `asistencias`
--
ALTER TABLE `asistencias`
  ADD PRIMARY KEY (`id_asistencia`),
  ADD UNIQUE KEY `uk_asistencia_dia_sesion` (`id_alumno`,`id_curso_materia`,`fecha`,`sesion`),
  ADD KEY `idx_asistencias_curso_materia` (`id_curso_materia`),
  ADD KEY `idx_asistencias_fecha` (`fecha`);

--
-- Indices de la tabla `asistencias_curso`
--
ALTER TABLE `asistencias_curso`
  ADD PRIMARY KEY (`id_alumno`,`id_curso`,`fecha`,`sesion`),
  ADD KEY `idx_curso_fecha` (`id_curso`,`fecha`);

--
-- Indices de la tabla `configuraciones`
--
ALTER TABLE `configuraciones`
  ADD PRIMARY KEY (`clave`);

--
-- Indices de la tabla `cursos`
--
ALTER TABLE `cursos`
  ADD PRIMARY KEY (`id_curso`),
  ADD UNIQUE KEY `nombre_curso` (`nombre_curso`),
  ADD KEY `idx_cursos_preceptor` (`id_preceptor`);

--
-- Indices de la tabla `curso_materia`
--
ALTER TABLE `curso_materia`
  ADD PRIMARY KEY (`id_curso_materia`),
  ADD UNIQUE KEY `id_curso` (`id_curso`,`id_materia`),
  ADD KEY `id_materia` (`id_materia`);

--
-- Indices de la tabla `curso_preceptor`
--
ALTER TABLE `curso_preceptor`
  ADD PRIMARY KEY (`id_curso_preceptor`),
  ADD UNIQUE KEY `uniq_curso_preceptor` (`id_curso`,`id_preceptor`),
  ADD KEY `idx_cp_curso` (`id_curso`),
  ADD KEY `idx_cp_preceptor` (`id_preceptor`);

--
-- Indices de la tabla `docentes`
--
ALTER TABLE `docentes`
  ADD PRIMARY KEY (`id_docente`),
  ADD KEY `id_usuario` (`id_usuario`);

--
-- Indices de la tabla `docente_materia`
--
ALTER TABLE `docente_materia`
  ADD PRIMARY KEY (`id_docente_materia`),
  ADD UNIQUE KEY `id_docente` (`id_docente`,`id_curso_materia`),
  ADD KEY `id_curso_materia` (`id_curso_materia`);

--
-- Indices de la tabla `estado`
--
ALTER TABLE `estado`
  ADD PRIMARY KEY (`id_estado`);

--
-- Indices de la tabla `inasistencias_resumen`
--
ALTER TABLE `inasistencias_resumen`
  ADD PRIMARY KEY (`id_alumno`,`cuatrimestre`,`ciclo_lectivo`);

--
-- Indices de la tabla `intensificaciones_old`
--
ALTER TABLE `intensificaciones_old`
  ADD PRIMARY KEY (`id_intensificacion`),
  ADD UNIQUE KEY `unique_alumno_materia` (`id_alumno`,`id_curso_materia`),
  ADD KEY `id_curso_materia` (`id_curso_materia`);

--
-- Indices de la tabla `materias`
--
ALTER TABLE `materias`
  ADD PRIMARY KEY (`id_materia`),
  ADD UNIQUE KEY `nombre_materia` (`nombre_materia`);

--
-- Indices de la tabla `notas`
--
ALTER TABLE `notas`
  ADD PRIMARY KEY (`id_nota`),
  ADD UNIQUE KEY `uk_alumno_materia` (`id_alumno`,`id_curso_materia`),
  ADD KEY `observacion_1` (`observacion_1`),
  ADD KEY `observacion_2` (`observacion_2`),
  ADD KEY `id_alumno` (`id_alumno`),
  ADD KEY `id_curso_materia` (`id_curso_materia`);

--
-- Indices de la tabla `notasparciales`
--
ALTER TABLE `notasparciales`
  ADD PRIMARY KEY (`id_nota_parcial`),
  ADD UNIQUE KEY `uk_notasparciales_dia_sesion` (`id_alumno`,`id_curso_materia`,`fecha`,`sesion`),
  ADD KEY `idx_notasparciales_curso_materia` (`id_curso_materia`),
  ADD KEY `idx_notasparciales_fecha` (`fecha`);

--
-- Indices de la tabla `observaciones`
--
ALTER TABLE `observaciones`
  ADD PRIMARY KEY (`id_observacion`);

--
-- Indices de la tabla `perfiles`
--
ALTER TABLE `perfiles`
  ADD PRIMARY KEY (`id_perfil`),
  ADD UNIQUE KEY `nombre_perfil` (`nombre_perfil`);

--
-- Indices de la tabla `preceptores`
--
ALTER TABLE `preceptores`
  ADD PRIMARY KEY (`id_preceptor`),
  ADD UNIQUE KEY `id_usuario` (`id_usuario`);

--
-- Indices de la tabla `tutores`
--
ALTER TABLE `tutores`
  ADD PRIMARY KEY (`id_tutor`),
  ADD KEY `id_usuario` (`id_usuario`);

--
-- Indices de la tabla `usuarios`
--
ALTER TABLE `usuarios`
  ADD PRIMARY KEY (`id_usuario`),
  ADD UNIQUE KEY `email` (`email`);

--
-- Indices de la tabla `usuario_perfil`
--
ALTER TABLE `usuario_perfil`
  ADD PRIMARY KEY (`id_usuario_perfil`),
  ADD UNIQUE KEY `uq_usuario_perfil` (`id_usuario`,`id_perfil`),
  ADD KEY `fk_usuario` (`id_usuario`),
  ADD KEY `fk_perfil` (`id_perfil`);

--
-- AUTO_INCREMENT de las tablas volcadas
--

--
-- AUTO_INCREMENT de la tabla `administradores`
--
ALTER TABLE `administradores`
  MODIFY `id_admin` int(11) NOT NULL AUTO_INCREMENT, AUTO_INCREMENT=2;

--
-- AUTO_INCREMENT de la tabla `alumnos`
--
ALTER TABLE `alumnos`
  MODIFY `id_alumno` int(11) NOT NULL AUTO_INCREMENT, AUTO_INCREMENT=380;

--
-- AUTO_INCREMENT de la tabla `alumno_tutor`
--
ALTER TABLE `alumno_tutor`
  MODIFY `id_alumno_tutor` int(11) NOT NULL AUTO_INCREMENT, AUTO_INCREMENT=62;

--
-- AUTO_INCREMENT de la tabla `asistencias`
--
ALTER TABLE `asistencias`
  MODIFY `id_asistencia` int(11) NOT NULL AUTO_INCREMENT, AUTO_INCREMENT=457;

--
-- AUTO_INCREMENT de la tabla `cursos`
--
ALTER TABLE `cursos`
  MODIFY `id_curso` int(11) NOT NULL AUTO_INCREMENT, AUTO_INCREMENT=13;

--
-- AUTO_INCREMENT de la tabla `curso_materia`
--
ALTER TABLE `curso_materia`
  MODIFY `id_curso_materia` int(11) NOT NULL AUTO_INCREMENT, AUTO_INCREMENT=278;

--
-- AUTO_INCREMENT de la tabla `curso_preceptor`
--
ALTER TABLE `curso_preceptor`
  MODIFY `id_curso_preceptor` int(11) NOT NULL AUTO_INCREMENT, AUTO_INCREMENT=55;

--
-- AUTO_INCREMENT de la tabla `docentes`
--
ALTER TABLE `docentes`
  MODIFY `id_docente` int(11) NOT NULL AUTO_INCREMENT, AUTO_INCREMENT=170;

--
-- AUTO_INCREMENT de la tabla `docente_materia`
--
ALTER TABLE `docente_materia`
  MODIFY `id_docente_materia` int(11) NOT NULL AUTO_INCREMENT, AUTO_INCREMENT=90;

--
-- AUTO_INCREMENT de la tabla `estado`
--
ALTER TABLE `estado`
  MODIFY `id_estado` int(11) NOT NULL AUTO_INCREMENT, AUTO_INCREMENT=6;

--
-- AUTO_INCREMENT de la tabla `intensificaciones_old`
--
ALTER TABLE `intensificaciones_old`
  MODIFY `id_intensificacion` int(11) NOT NULL AUTO_INCREMENT, AUTO_INCREMENT=3;

--
-- AUTO_INCREMENT de la tabla `materias`
--
ALTER TABLE `materias`
  MODIFY `id_materia` int(11) NOT NULL AUTO_INCREMENT, AUTO_INCREMENT=49;

--
-- AUTO_INCREMENT de la tabla `notas`
--
ALTER TABLE `notas`
  MODIFY `id_nota` int(11) NOT NULL AUTO_INCREMENT, AUTO_INCREMENT=418;

--
-- AUTO_INCREMENT de la tabla `notasparciales`
--
ALTER TABLE `notasparciales`
  MODIFY `id_nota_parcial` int(11) NOT NULL AUTO_INCREMENT, AUTO_INCREMENT=36;

--
-- AUTO_INCREMENT de la tabla `observaciones`
--
ALTER TABLE `observaciones`
  MODIFY `id_observacion` int(11) NOT NULL AUTO_INCREMENT, AUTO_INCREMENT=16;

--
-- AUTO_INCREMENT de la tabla `perfiles`
--
ALTER TABLE `perfiles`
  MODIFY `id_perfil` int(11) NOT NULL AUTO_INCREMENT, AUTO_INCREMENT=6;

--
-- AUTO_INCREMENT de la tabla `preceptores`
--
ALTER TABLE `preceptores`
  MODIFY `id_preceptor` int(11) NOT NULL AUTO_INCREMENT, AUTO_INCREMENT=13;

--
-- AUTO_INCREMENT de la tabla `tutores`
--
ALTER TABLE `tutores`
  MODIFY `id_tutor` int(11) NOT NULL AUTO_INCREMENT, AUTO_INCREMENT=70;

--
-- AUTO_INCREMENT de la tabla `usuarios`
--
ALTER TABLE `usuarios`
  MODIFY `id_usuario` int(11) NOT NULL AUTO_INCREMENT, AUTO_INCREMENT=658;

--
-- AUTO_INCREMENT de la tabla `usuario_perfil`
--
ALTER TABLE `usuario_perfil`
  MODIFY `id_usuario_perfil` int(11) NOT NULL AUTO_INCREMENT, AUTO_INCREMENT=683;

--
-- Restricciones para tablas volcadas
--

--
-- Filtros para la tabla `administradores`
--
ALTER TABLE `administradores`
  ADD CONSTRAINT `administradores_ibfk_1` FOREIGN KEY (`id_usuario`) REFERENCES `usuarios` (`id_usuario`);

--
-- Filtros para la tabla `alumnos`
--
ALTER TABLE `alumnos`
  ADD CONSTRAINT `alumnos_ibfk_1` FOREIGN KEY (`id_usuario`) REFERENCES `usuarios` (`id_usuario`),
  ADD CONSTRAINT `alumnos_ibfk_2` FOREIGN KEY (`id_curso`) REFERENCES `cursos` (`id_curso`);

--
-- Filtros para la tabla `alumno_tutor`
--
ALTER TABLE `alumno_tutor`
  ADD CONSTRAINT `alumno_tutor_ibfk_1` FOREIGN KEY (`id_alumno`) REFERENCES `alumnos` (`id_alumno`),
  ADD CONSTRAINT `alumno_tutor_ibfk_2` FOREIGN KEY (`id_tutor`) REFERENCES `tutores` (`id_tutor`);

--
-- Filtros para la tabla `asistencias`
--
ALTER TABLE `asistencias`
  ADD CONSTRAINT `asistencias_ibfk_1` FOREIGN KEY (`id_alumno`) REFERENCES `alumnos` (`id_alumno`),
  ADD CONSTRAINT `asistencias_ibfk_2` FOREIGN KEY (`id_curso_materia`) REFERENCES `curso_materia` (`id_curso_materia`);

--
-- Filtros para la tabla `curso_materia`
--
ALTER TABLE `curso_materia`
  ADD CONSTRAINT `curso_materia_ibfk_1` FOREIGN KEY (`id_curso`) REFERENCES `cursos` (`id_curso`),
  ADD CONSTRAINT `curso_materia_ibfk_2` FOREIGN KEY (`id_materia`) REFERENCES `materias` (`id_materia`);

--
-- Filtros para la tabla `curso_preceptor`
--
ALTER TABLE `curso_preceptor`
  ADD CONSTRAINT `curso_preceptor_ibfk_1` FOREIGN KEY (`id_curso`) REFERENCES `cursos` (`id_curso`) ON DELETE CASCADE,
  ADD CONSTRAINT `curso_preceptor_ibfk_2` FOREIGN KEY (`id_preceptor`) REFERENCES `usuarios` (`id_usuario`) ON DELETE CASCADE;

--
-- Filtros para la tabla `docentes`
--
ALTER TABLE `docentes`
  ADD CONSTRAINT `docentes_ibfk_1` FOREIGN KEY (`id_usuario`) REFERENCES `usuarios` (`id_usuario`);

--
-- Filtros para la tabla `docente_materia`
--
ALTER TABLE `docente_materia`
  ADD CONSTRAINT `docente_materia_ibfk_1` FOREIGN KEY (`id_docente`) REFERENCES `docentes` (`id_docente`),
  ADD CONSTRAINT `docente_materia_ibfk_2` FOREIGN KEY (`id_curso_materia`) REFERENCES `curso_materia` (`id_curso_materia`);

--
-- Filtros para la tabla `intensificaciones_old`
--
ALTER TABLE `intensificaciones_old`
  ADD CONSTRAINT `intensificaciones_old_ibfk_1` FOREIGN KEY (`id_alumno`) REFERENCES `alumnos` (`id_alumno`) ON DELETE CASCADE,
  ADD CONSTRAINT `intensificaciones_old_ibfk_2` FOREIGN KEY (`id_curso_materia`) REFERENCES `curso_materia` (`id_curso_materia`) ON DELETE CASCADE;

--
-- Filtros para la tabla `notas`
--
ALTER TABLE `notas`
  ADD CONSTRAINT `notas_ibfk_1` FOREIGN KEY (`observacion_1`) REFERENCES `observaciones` (`id_observacion`),
  ADD CONSTRAINT `notas_ibfk_2` FOREIGN KEY (`observacion_2`) REFERENCES `observaciones` (`id_observacion`),
  ADD CONSTRAINT `notas_ibfk_3` FOREIGN KEY (`id_alumno`) REFERENCES `alumnos` (`id_alumno`),
  ADD CONSTRAINT `notas_ibfk_4` FOREIGN KEY (`id_curso_materia`) REFERENCES `curso_materia` (`id_curso_materia`);

--
-- Filtros para la tabla `notasparciales`
--
ALTER TABLE `notasparciales`
  ADD CONSTRAINT `notasparciales_ibfk_1` FOREIGN KEY (`id_alumno`) REFERENCES `alumnos` (`id_alumno`),
  ADD CONSTRAINT `notasparciales_ibfk_2` FOREIGN KEY (`id_curso_materia`) REFERENCES `curso_materia` (`id_curso_materia`);

--
-- Filtros para la tabla `tutores`
--
ALTER TABLE `tutores`
  ADD CONSTRAINT `tutores_ibfk_1` FOREIGN KEY (`id_usuario`) REFERENCES `usuarios` (`id_usuario`);

--
-- Filtros para la tabla `usuario_perfil`
--
ALTER TABLE `usuario_perfil`
  ADD CONSTRAINT `fk_perfil` FOREIGN KEY (`id_perfil`) REFERENCES `perfiles` (`id_perfil`) ON DELETE CASCADE ON UPDATE CASCADE,
  ADD CONSTRAINT `fk_usuario` FOREIGN KEY (`id_usuario`) REFERENCES `usuarios` (`id_usuario`) ON DELETE CASCADE ON UPDATE CASCADE;
COMMIT;

/*!40101 SET CHARACTER_SET_CLIENT=@OLD_CHARACTER_SET_CLIENT */;
/*!40101 SET CHARACTER_SET_RESULTS=@OLD_CHARACTER_SET_RESULTS */;
/*!40101 SET COLLATION_CONNECTION=@OLD_COLLATION_CONNECTION */;
